tenure,monthly_charges,total_charges,support_tickets,contract,payment_delay,churn
52,64,1689,3,0,28,0
15,65,1261,3,1,16,0
61,91,2620,4,0,0,0
21,74,6064,4,1,26,0
24,105,3955,7,0,4,0
3,104,4748,2,0,4,0
22,45,5829,5,2,6,0
53,104,794,2,2,15,0
2,44,7907,1,0,17,0
30,84,7496,7,1,5,0
38,25,4512,0,1,1,0
2,42,6841,8,2,12,0
64,83,4963,6,2,9,0
60,106,7988,9,1,20,0
21,62,3898,3,1,19,0
33,42,7129,2,1,10,0
58,115,3783,5,2,25,0
22,49,6804,8,1,20,0
49,96,7468,8,2,1,0
59,37,2071,3,0,7,0
42,106,6501,9,0,23,1
60,98,1603,4,0,21,1
15,116,3349,8,1,18,0
62,40,7000,1,2,19,0
62,76,4318,1,1,16,0
47,42,6585,4,2,15,0
62,110,3342,0,1,24,0
51,64,1968,7,0,9,0
55,63,1771,4,2,4,0
64,101,1182,9,1,13,0
3,107,1828,1,2,23,0
51,66,7732,8,2,18,0
7,59,3951,1,1,3,0
21,70,6503,6,1,19,0
39,61,7640,7,2,15,0
18,26,6192,5,2,23,0
4,69,2242,6,0,14,1
60,67,1248,0,2,27,0
14,103,6284,3,0,8,0
9,110,6110,6,0,2,0
53,25,353,0,0,22,0
2,110,4202,0,2,8,0
60,28,3642,5,0,17,1
71,76,2875,3,2,3,0
44,50,7778,2,2,18,0
8,40,7848,4,1,23,0
47,109,6312,8,2,3,0
35,59,7348,9,2,8,0
36,64,4737,9,0,0,0
50,96,7852,9,2,0,0
4,68,3433,2,2,19,0
2,106,4284,4,1,18,0
6,39,6134,9,1,2,0
54,111,3379,4,0,9,0
4,36,4408,8,0,11,1
54,47,2981,9,1,17,0
63,60,365,3,1,13,0
18,85,7155,0,2,9,0
44,44,2440,9,0,9,0
34,77,5426,4,0,17,1
62,60,6576,0,2,23,0
14,25,3248,5,2,0,0
48,94,3459,9,0,29,1
15,57,1104,9,1,14,0
62,25,2194,6,1,7,0
40,64,4817,0,2,25,0
53,94,3371,9,0,2,0
24,33,4622,3,2,17,0
26,85,309,8,1,8,0
60,59,987,0,1,15,0
41,22,5639,8,2,20,0
29,118,253,7,1,14,0
15,116,3693,4,0,29,1
45,43,514,5,2,4,0
65,38,3524,6,2,12,0
71,37,5376,3,2,21,0
9,83,1384,5,1,19,0
1,107,3248,6,0,6,0
8,54,868,5,2,15,0
63,81,1082,5,2,6,0
11,20,5707,1,1,26,0
8,119,3302,4,0,24,1
35,44,4774,2,2,21,0
35,64,3626,6,1,15,0
33,68,2887,3,2,12,0
5,117,2310,0,1,16,0
41,108,1138,5,0,8,0
28,35,7499,5,1,11,0
7,117,6438,6,2,12,0
12,112,4032,7,2,25,0
34,38,641,2,1,8,0
33,42,458,5,0,4,0
48,102,949,9,0,6,0
23,44,7598,1,2,0,0
62,35,4622,8,2,3,0
37,73,2644,1,1,27,0
44,92,7071,2,1,25,0
35,20,4681,9,1,3,0
65,61,1931,1,0,15,0
47,38,1572,8,0,4,0
3,116,1536,0,2,21,0
1,53,429,4,2,3,0
5,99,5951,0,2,5,0
14,74,7132,4,1,25,0
27,37,7234,7,0,22,1
9,53,5366,7,2,2,0
15,108,4454,7,2,24,0
42,64,6535,1,2,7,0
51,25,4338,7,2,16,0
63,40,6212,4,2,28,0
52,89,4108,0,2,17,0
4,115,6990,6,0,17,1
23,67,4822,5,2,25,0
15,58,1488,4,0,24,1
43,50,4285,0,1,11,0
29,29,819,0,0,24,0
36,49,3335,5,1,24,0
13,37,4676,9,0,0,0
32,79,2231,6,0,22,1
71,107,1200,9,2,11,0
59,92,772,9,0,10,0
28,114,616,0,0,12,0
66,34,2632,8,2,2,0
42,23,5809,3,1,26,0
45,82,7870,4,2,24,0
62,59,3770,1,2,7,0
57,28,881,9,2,2,0
6,28,6347,7,1,16,0
28,45,3623,1,0,24,0
28,23,3658,2,0,12,0
44,100,6231,8,2,9,0
30,35,2486,1,2,16,0
62,34,4882,5,0,2,0
62,118,1689,3,0,12,0
1,71,5095,6,0,21,1
27,88,1601,5,1,5,0
62,24,3894,9,1,13,0
3,39,6850,8,2,26,0
70,98,4418,8,1,9,0
27,37,3180,9,2,19,0
9,21,1176,3,0,15,0
62,112,1200,0,0,17,0
37,32,5937,1,2,12,0
51,23,602,7,0,9,0
44,61,1439,9,2,5,0
24,93,3985,7,2,9,0
59,80,7065,1,2,4,0
32,114,723,3,1,28,0
52,27,1986,0,2,5,0
62,86,6408,6,2,6,0
58,82,3450,3,2,10,0
52,28,1150,7,1,15,0
12,113,5289,8,0,24,1
39,30,7485,8,1,11,0
2,118,6181,2,2,11,0
3,61,5584,4,1,29,0
56,32,3872,5,0,22,1
59,55,4016,5,0,19,1
2,32,4118,9,2,25,0
2,31,1429,7,0,4,0
54,56,5343,5,1,15,0
1,93,4214,5,1,28,0
19,92,5476,3,0,5,0
2,71,3467,6,2,28,0
53,90,5241,7,2,8,0
44,21,4051,2,1,4,0
32,75,5184,6,0,20,1
70,79,2597,2,1,22,0
32,42,6795,7,1,15,0
68,59,1673,0,1,17,0
55,83,5267,0,2,18,0
56,104,6938,5,0,11,1
17,42,2734,9,0,1,0
38,48,2868,8,2,25,0
24,97,5402,3,1,9,0
69,109,5654,5,1,11,0
70,70,6350,4,2,13,0
11,88,1311,0,0,17,0
16,114,875,5,2,18,0
59,108,7353,8,0,5,0
70,50,6055,2,0,4,0
3,69,6062,2,0,26,0
20,39,7723,1,1,15,0
59,74,1260,3,1,13,0
36,100,6077,9,2,12,0
19,21,7141,2,2,20,0
67,44,2483,1,1,1,0
19,32,2754,0,2,1,0
20,111,7081,2,1,11,0
71,89,5976,9,1,0,0
52,86,3640,5,0,18,1
33,77,4797,8,0,27,1
40,118,5790,4,1,27,0
39,101,6646,2,0,26,0
1,94,4735,4,1,15,0
11,103,1195,4,0,29,1
57,83,6001,4,2,6,0
50,88,123,6,2,26,0
23,102,4819,4,1,20,0
31,105,6031,6,1,6,0
42,78,3656,8,0,15,1
7,79,1179,4,0,24,1
16,102,5181,1,1,5,0
60,81,4418,4,2,17,0
2,35,7899,7,2,0,0
1,107,278,3,1,0,0
48,87,2947,1,2,25,0
12,34,6677,9,1,24,0
69,108,2060,2,0,13,0
37,74,1573,8,2,5,0
32,54,4988,8,2,5,0
9,74,5079,7,0,3,0
19,33,6735,7,0,11,1
48,68,1312,7,2,29,0
3,102,5797,7,2,17,0
20,119,909,7,1,9,0
24,26,5156,0,1,2,0
54,49,519,5,2,2,0
33,102,7516,8,1,7,0
24,68,3759,7,0,21,1
36,108,6892,2,1,22,0
38,35,5383,0,1,24,0
25,70,3916,1,2,0,0
18,91,1378,1,1,17,0
66,101,2623,6,2,14,0
54,111,1540,5,2,24,0
35,99,6413,1,2,20,0
61,102,1440,7,0,19,1
41,61,2321,8,1,16,0
33,36,6713,6,1,24,0
68,82,2492,3,1,10,0
33,64,6688,0,2,12,0
14,96,5237,3,0,24,0
21,26,5289,3,2,19,0
48,46,1461,7,1,24,0
20,29,6871,3,2,9,0
8,53,691,3,2,12,0
7,55,626,1,1,16,0
67,44,7955,9,2,20,0
17,25,2603,6,2,0,0
33,43,1392,3,0,19,0
48,37,1754,5,2,15,0
59,106,5006,2,0,15,0
22,25,287,6,1,27,0
30,48,7264,5,0,20,1
38,44,5788,2,2,29,0
51,74,2858,3,1,26,0
54,100,628,9,2,2,0
8,65,533,4,2,1,0
27,43,6531,8,0,5,0
27,94,6137,5,2,10,0
21,45,7834,3,0,28,0
30,117,6742,6,1,2,0
28,47,3612,1,1,25,0
64,22,1904,3,2,0,0
69,94,402,4,0,10,0
61,57,4282,3,2,12,0
48,80,7073,3,2,4,0
19,97,537,8,2,17,0
4,70,2688,1,2,14,0
35,109,5241,5,0,17,1
64,67,932,7,2,14,0
49,40,896,7,1,19,0
17,73,659,6,0,19,1
44,75,3688,9,2,19,0
30,113,861,3,0,6,0
46,78,5894,6,2,16,0
6,91,3674,9,1,28,0
37,70,3885,5,1,7,0
24,39,2614,5,1,27,0
46,115,5320,1,0,12,0
53,105,7850,7,1,25,0
60,78,6918,7,2,15,0
63,90,784,6,2,24,0
32,28,5360,8,2,9,0
33,20,4333,7,0,28,1
67,48,677,8,0,13,1
18,82,4905,8,1,5,0
25,91,327,5,0,19,1
54,75,2428,1,2,21,0
58,87,2831,6,2,25,0
67,54,927,2,2,6,0
46,22,530,6,0,5,0
24,26,1163,8,2,26,0
32,46,7786,9,1,16,0
47,20,1809,9,0,20,1
23,110,5882,1,2,23,0
66,99,1334,5,2,7,0
27,90,401,5,0,11,1
2,63,5305,8,0,25,1
17,106,1520,8,1,24,0
33,60,7520,4,0,3,0
9,94,4728,4,2,9,0
43,61,868,8,1,5,0
48,52,6134,7,2,6,0
39,69,1504,6,2,20,0
42,82,543,7,2,26,0
26,119,3204,5,0,7,0
50,56,4455,2,0,2,0
25,78,3405,6,2,7,0
24,100,1638,7,0,14,1
13,118,4030,7,2,29,0
60,67,1431,0,0,20,0
7,24,6982,6,0,0,0
57,67,7039,2,0,12,0
36,115,169,1,1,21,0
45,22,5673,1,0,17,0
20,66,5658,7,1,14,0
65,81,6044,8,1,6,0
8,118,3535,2,1,14,0
16,33,7226,2,2,24,0
14,82,580,5,0,2,0
15,80,5363,9,2,29,0
66,50,4194,0,1,25,0
32,114,6267,5,0,13,1
63,36,7208,2,2,19,0
51,43,3596,3,1,3,0
25,42,2893,8,2,3,0
58,101,2992,2,2,2,0
63,69,1298,0,0,4,0
62,97,2472,2,0,24,0
22,98,1992,6,2,10,0
58,98,5890,6,0,7,0
58,89,1983,4,0,25,1
49,46,5567,0,2,1,0
52,34,897,7,0,27,1
42,69,117,9,0,15,1
70,55,143,7,1,24,0
15,27,254,9,0,27,1
54,98,5062,9,1,9,0
60,22,7165,9,2,17,0
8,81,3548,1,1,6,0
53,66,4938,9,2,4,0
60,96,4180,2,0,28,0
5,117,6047,3,0,6,0
68,107,1525,0,1,20,0
6,115,4420,3,2,27,0
47,80,4412,4,0,5,0
55,51,3739,2,1,23,0
40,113,4226,9,1,0,0
52,32,1992,1,1,28,0
16,20,5278,5,0,10,0
13,53,6111,7,2,12,0
30,81,997,6,0,11,1
19,98,3524,0,0,0,0
17,97,7178,3,2,20,0
63,112,4640,2,1,14,0
19,117,1358,5,0,0,0
58,101,5326,8,1,2,0
55,90,5410,8,1,25,0
62,112,2115,6,2,14,0
23,50,6773,8,2,8,0
9,83,6132,7,2,13,0
12,44,4933,4,1,28,0
1,57,1802,8,1,22,0
58,33,7850,6,0,27,1
1,27,973,4,1,21,0
34,110,665,7,2,23,0
48,73,7512,6,2,7,0
1,21,2118,8,2,21,0
16,100,1985,9,2,3,0
61,97,2223,0,1,19,0
64,108,4742,8,2,19,0
63,75,2414,6,0,5,0
69,113,4512,0,1,0,0
22,112,3983,0,2,27,0
67,103,3292,4,0,17,1
26,104,1959,7,2,5,0
16,80,124,8,1,29,0
51,41,3603,5,1,13,0
57,54,4355,9,0,10,0
29,35,6839,7,1,16,0
69,69,1237,5,0,8,0
47,62,5095,5,2,27,0
62,36,6745,3,1,21,0
69,99,1289,4,2,6,0
16,77,7256,1,2,13,0
48,21,4898,2,1,27,0
39,23,7442,2,2,16,0
33,104,4196,4,0,7,0
23,58,6118,4,0,27,1
10,117,6984,5,0,15,1
69,113,3257,4,1,11,0
34,25,7841,5,2,11,0
52,100,2467,7,2,27,0
10,108,5620,1,2,27,0
19,88,4577,3,2,4,0
58,88,1841,5,0,4,0
1,39,3788,4,1,13,0
69,83,7585,0,0,5,0
4,35,6022,8,0,6,0
16,70,5469,2,1,22,0
24,56,5744,1,1,20,0
2,92,3846,8,0,16,1
32,88,5774,6,2,26,0
24,61,997,4,1,8,0
12,76,4123,5,1,21,0
50,85,7890,3,0,12,0
35,28,816,0,2,8,0
33,119,4067,3,1,26,0
33,105,7523,8,0,15,1
61,83,6550,0,1,3,0
51,105,4121,9,2,1,0
43,41,3315,2,0,12,0
12,53,7925,4,0,12,1
67,74,490,6,2,18,0
65,48,3984,8,0,11,1
33,57,1799,5,2,3,0
40,116,7436,2,0,9,0
43,37,3137,6,2,15,0
44,90,6541,3,1,27,0
29,84,332,2,1,23,0
13,116,2026,6,1,18,0
12,20,6514,6,0,7,0
46,107,3231,3,2,5,0
2,23,5515,6,2,3,0
35,23,7734,1,1,29,0
8,101,3406,0,1,6,0
26,46,2824,1,1,13,0
34,62,4901,3,2,26,0
7,78,333,7,1,12,0
68,51,1491,2,0,20,0
58,52,7962,9,1,4,0
29,47,2992,5,1,8,0
36,74,1355,5,2,28,0
21,119,6092,8,0,2,0
36,79,2638,8,2,9,0
10,89,3790,3,0,14,0
24,81,6746,8,0,19,1
64,99,989,5,1,20,0
49,53,4787,1,1,16,0
36,106,845,9,2,22,0
24,107,7648,5,2,23,0
23,75,1819,1,2,5,0
62,32,527,7,0,24,1
37,75,6940,3,2,2,0
12,37,6889,4,0,17,1
55,73,831,7,0,4,0
13,96,899,7,0,12,1
23,62,6607,5,0,24,1
30,58,4397,3,0,26,0
17,80,7125,0,1,0,0
62,61,6389,6,0,16,1
13,100,935,7,0,25,1
59,98,6882,8,1,2,0
19,37,7724,1,1,25,0
49,42,234,0,1,18,0
12,73,6869,3,2,20,0
61,49,5483,4,2,19,0
19,117,6307,9,0,21,1
9,77,2638,0,0,11,0
71,87,3818,4,0,7,0
28,86,140,5,0,7,0
52,90,3467,2,1,14,0
16,37,7270,6,2,10,0
69,26,5108,5,1,19,0
12,59,5925,3,2,0,0
25,89,5170,2,1,28,0
52,105,5329,4,0,15,1
53,84,7488,2,2,29,0
23,87,7637,9,0,13,1
16,68,2515,8,2,6,0
57,71,5655,8,2,5,0
39,48,7161,5,0,20,1
53,40,7271,5,0,3,0
42,109,2140,3,0,21,0
58,97,4439,3,1,7,0
39,28,3049,1,2,21,0
14,66,4361,9,2,18,0
5,95,5245,3,2,24,0
35,61,3566,7,0,2,0
18,70,5693,9,2,3,0
9,75,3188,1,2,12,0
58,70,4923,8,0,20,1
17,89,1215,0,0,26,0
7,39,4678,1,2,1,0
46,107,2690,1,1,10,0
13,46,7472,5,0,15,1
40,57,3673,6,1,9,0
42,91,3078,2,1,14,0
9,84,2547,8,1,26,0
50,73,1330,4,1,9,0
27,43,2766,4,0,1,0
66,66,7413,3,2,5,0
5,90,7122,8,2,13,0
29,102,6344,7,0,1,0
37,105,5075,3,0,9,0
38,82,5025,3,1,16,0
8,76,7508,1,1,7,0
65,74,6220,8,0,25,1
17,79,4954,2,2,15,0
71,118,4358,3,1,13,0
45,81,5392,6,0,9,0
4,49,6745,9,0,12,1
36,112,2694,7,0,0,0
70,41,5503,7,1,9,0
31,94,3530,3,0,29,0
19,103,6624,6,2,21,0
61,48,3017,9,0,11,1
54,60,3052,0,1,29,0
39,61,2095,5,2,16,0
19,117,6130,5,2,23,0
39,84,5752,5,0,13,1
67,50,3991,1,0,4,0
45,49,7430,7,2,18,0
13,37,7245,4,0,4,0
58,36,6852,4,1,14,0
20,57,406,1,2,12,0
61,33,1462,3,0,16,0
39,106,2202,8,2,0,0
1,108,3130,8,0,27,1
3,98,432,5,0,13,1
62,75,6370,8,1,3,0
63,41,2852,3,0,24,0
25,86,342,0,0,29,0
56,75,1984,1,0,8,0
33,38,6843,0,1,16,0
38,76,1532,7,0,2,0
6,63,2650,8,0,12,1
58,117,7994,9,0,11,1
44,54,6847,5,2,15,0
45,20,402,1,1,3,0
32,71,7731,5,2,17,0
45,104,4430,8,1,22,0
61,112,7963,2,1,2,0
47,89,3209,8,2,16,0
21,56,2286,1,1,0,0
36,84,4390,4,1,18,0
19,70,1650,1,2,21,0
20,20,1892,6,0,3,0
57,110,746,9,1,16,0
18,40,6244,8,2,6,0
47,72,4756,6,1,1,0
49,35,5315,4,2,11,0
14,80,812,3,0,4,0
15,73,4608,3,1,15,0
31,59,637,9,0,7,0
1,45,6074,7,0,22,1
54,99,6672,9,2,26,0
3,111,334,9,1,27,0
16,84,2496,9,1,7,0
57,119,5975,9,1,12,0
12,93,6089,9,1,25,0
16,83,1604,0,1,13,0
24,62,6058,4,2,10,0
28,36,6639,1,1,5,0
8,78,1474,8,0,15,1
36,42,4611,6,0,22,1
8,26,2009,9,1,24,0
58,63,1015,7,2,21,0
60,72,4058,5,2,24,0
50,90,7318,8,1,14,0
28,98,180,5,0,15,1
41,53,2183,6,1,12,0
64,65,5286,6,1,11,0
27,87,2788,8,1,17,0
63,97,7125,7,2,28,0
17,97,1790,0,2,17,0
33,35,856,3,0,13,0
29,90,2770,6,0,1,0
13,115,3851,7,1,21,0
46,38,3652,6,0,1,0
35,21,567,2,1,2,0
6,29,5361,3,0,28,0
69,69,6599,6,1,23,0
47,100,6952,7,2,7,0
25,31,1594,6,1,10,0
66,89,5840,5,2,11,0
10,41,1119,8,2,3,0
56,51,5810,8,0,8,0
30,103,1001,6,0,23,1
5,20,772,7,2,16,0
33,73,538,5,1,23,0
65,77,6774,0,1,15,0
18,89,4322,0,0,16,0
49,102,6448,5,1,14,0
11,37,2176,1,1,19,0
26,25,544,7,1,25,0
63,64,1065,0,2,21,0
59,116,3890,1,2,6,0
27,42,563,7,1,9,0
49,42,7547,5,0,28,1
33,45,2298,9,1,3,0
1,96,2387,1,0,23,0
21,26,6509,1,2,23,0
55,98,3865,6,1,13,0
6,63,3276,4,1,13,0
69,46,4108,4,0,13,1
5,45,3604,7,0,24,1
3,116,1012,6,1,13,0
53,98,596,8,1,21,0
23,55,1563,3,0,19,0
53,74,5967,9,2,17,0
37,83,6928,3,0,14,0
17,110,4353,1,1,22,0
1,76,4367,2,2,25,0
51,88,593,0,2,18,0
45,80,5165,0,2,26,0
4,21,5530,6,2,12,0
62,74,1526,4,1,11,0
65,116,1792,2,2,18,0
32,99,1893,6,0,18,1
34,106,2823,1,0,19,0
39,57,758,2,0,1,0
26,99,7146,0,1,28,0
34,97,4861,7,2,28,0
54,48,7730,1,0,20,0
3,45,4562,6,0,2,0
50,54,649,8,0,9,0
12,98,742,5,2,4,0
65,86,6089,1,0,11,0
54,106,4450,1,2,28,0
5,48,307,8,2,6,0
57,53,2597,9,2,8,0
17,116,4290,7,1,1,0
47,60,1983,8,1,24,0
23,60,2986,3,2,9,0
14,42,577,3,2,5,0
66,90,6926,1,1,11,0
51,22,861,9,1,5,0
38,77,289,0,2,26,0
64,51,6954,9,1,2,0
38,50,5703,3,0,29,0
50,101,5952,9,2,9,0
30,62,5755,9,2,28,0
51,26,855,7,1,8,0
63,20,1546,1,0,19,0
52,80,5031,7,1,4,0
38,33,1763,0,0,2,0
30,71,5824,0,0,4,0
51,115,1935,3,2,7,0
5,25,4328,6,0,7,0
29,29,4250,8,2,13,0
4,90,4160,4,0,23,1
10,109,4705,1,2,21,0
56,117,4865,6,0,16,1
17,49,3712,1,1,10,0
17,119,6653,8,0,25,1
69,40,7478,8,1,15,0
34,79,1789,2,0,27,0
6,100,1416,7,0,5,0
53,116,7230,3,2,27,0
66,93,4929,2,0,10,0
43,82,3286,0,0,9,0
23,61,4120,4,0,22,1
55,70,5889,3,1,29,0
16,83,4454,0,2,8,0
8,95,1245,9,2,27,0
4,75,4494,7,0,23,1
4,99,7648,7,0,26,1
56,60,660,7,1,27,0
25,51,2012,2,0,23,0
67,34,1964,5,2,14,0
67,81,7768,6,2,6,0
27,46,396,8,1,17,0
32,47,2509,4,1,0,0
50,100,2736,8,2,14,0
61,83,7730,5,1,1,0
51,78,1561,9,0,21,1
19,77,6370,9,0,28,1
21,21,4392,9,1,1,0
5,55,2368,3,2,9,0
42,90,1094,0,1,19,0
61,32,6334,0,2,14,0
22,34,6654,9,1,9,0
21,108,107,4,1,18,0
70,106,2691,2,1,21,0
1,79,2615,4,0,27,1
5,41,4515,4,0,27,1
12,82,1517,0,2,12,0
46,109,2416,7,1,29,0
34,116,7458,4,0,23,1
49,94,4032,4,1,10,0
45,93,5894,8,2,21,0
27,44,6304,7,0,1,0
26,67,5657,0,2,20,0
47,62,1387,2,0,26,0
56,57,2944,6,1,12,0
63,60,1218,0,2,21,0
48,64,652,0,0,24,0
61,107,7169,4,0,21,1
26,59,7737,8,1,25,0
36,116,760,5,2,20,0
1,36,815,9,2,0,0
8,107,7022,1,2,25,0
52,76,3685,8,1,4,0
47,21,3861,5,0,20,1
56,115,6437,4,0,21,1
14,81,2629,4,2,6,0
28,107,4070,2,0,12,0
2,28,3507,5,2,12,0
26,87,1558,3,1,19,0
14,100,3367,9,1,22,0
59,36,954,1,1,20,0
56,69,7516,2,2,5,0
7,113,6741,8,0,19,1
3,59,6455,8,1,11,0
23,77,4860,5,2,7,0
18,94,6913,9,2,8,0
38,104,3637,9,1,17,0
15,40,1997,8,1,27,0
64,37,5870,3,1,10,0
28,74,6464,4,0,19,1
39,48,372,9,0,10,0
57,43,5373,5,2,23,0
17,93,4187,8,1,23,0
44,36,1372,4,1,14,0
25,37,4474,7,0,8,0
17,61,7707,0,1,2,0
13,103,4119,4,2,16,0
25,64,915,9,1,24,0
68,101,4471,0,0,16,0
10,36,5200,9,2,2,0
67,92,6757,5,2,18,0
18,33,7355,6,1,8,0
34,68,1022,4,2,16,0
8,48,4837,0,1,22,0
40,114,4700,5,1,17,0
42,23,6833,9,0,22,1
41,101,4967,4,2,14,0
6,39,1364,5,1,0,0
52,66,3824,9,1,28,0
26,28,2887,6,1,25,0
64,96,2822,6,2,9,0
59,98,5455,1,2,7,0
56,46,5209,2,2,9,0
59,34,4323,5,1,28,0
70,111,2650,2,2,25,0
33,38,5419,1,1,1,0
53,109,3049,3,2,18,0
22,71,6786,4,2,13,0
21,45,5721,9,1,7,0
70,108,1773,8,2,18,0
70,45,4687,2,1,0,0
4,45,3192,2,2,15,0
62,65,5453,5,2,24,0
62,111,6957,4,2,23,0
24,68,2938,5,2,14,0
55,101,1766,6,0,19,1
9,115,4611,2,1,23,0
3,72,2295,4,0,29,1
31,22,5165,7,2,4,0
40,85,6272,3,2,2,0
36,116,1484,9,1,16,0
24,61,4503,1,1,28,0
6,38,4054,3,1,9,0
66,36,6405,1,1,4,0
4,52,7112,2,2,10,0
6,95,2999,3,1,5,0
51,68,160,3,0,3,0
62,75,6368,9,1,6,0
57,82,5675,8,1,18,0
66,22,7338,9,0,6,0
8,68,7081,5,0,13,1
26,74,6126,8,0,16,1
51,45,4047,3,0,22,0
45,118,6709,8,1,16,0
44,91,2390,8,0,12,1
5,71,5709,5,2,26,0
70,119,7488,4,1,0,0
26,26,572,2,2,1,0
68,65,1058,4,1,17,0
19,65,632,2,1,3,0
20,119,593,4,2,12,0
12,35,7142,4,0,0,0
47,43,181,1,0,3,0
1,80,7099,8,2,1,0
14,73,5074,6,0,3,0
64,81,5741,5,1,15,0
38,20,3070,4,1,3,0
37,68,111,3,1,24,0
11,44,5482,7,0,8,0
3,29,7924,1,0,16,0
33,99,4644,7,2,20,0
6,35,7459,0,1,22,0
50,77,861,9,2,19,0
10,91,3285,0,0,27,0
5,48,125,2,2,20,0
23,111,1906,4,0,1,0
10,25,7766,5,1,2,0
44,35,6751,3,1,22,0
2,39,5764,6,0,25,1
13,99,4257,6,0,28,1
40,90,4424,1,0,14,0
2,97,6034,1,1,6,0
65,62,4802,1,0,3,0
63,45,5254,1,1,11,0
17,109,5924,8,2,0,0
9,97,5675,4,1,16,0
15,90,3759,7,2,3,0
24,52,7134,4,1,3,0
38,45,1625,4,1,21,0
35,64,860,0,0,22,0
49,103,694,5,1,24,0
69,82,7292,3,0,8,0
62,86,5788,2,0,25,0
60,71,1155,5,0,27,1
50,87,1954,1,1,27,0
9,45,3183,7,0,20,1
34,94,7586,0,2,9,0
35,21,4016,8,2,26,0
1,33,3775,7,1,18,0
40,49,2148,0,0,18,0
64,68,1558,9,2,14,0
22,31,6057,8,1,21,0
60,109,5355,1,1,16,0
64,63,1319,2,1,6,0
11,52,4328,1,1,2,0
14,32,4281,7,1,4,0
60,97,1599,1,0,15,0
30,107,1930,9,0,22,1
35,117,3495,1,0,6,0
37,45,1303,0,0,15,0
5,40,6759,6,1,8,0
26,47,7905,1,1,0,0
62,67,4370,9,2,2,0
4,119,2910,4,2,24,0
42,59,3192,4,0,7,0
18,85,3144,2,1,17,0
40,92,6171,2,2,23,0
39,106,7372,2,2,23,0
14,98,4773,5,2,17,0
32,96,3614,3,2,23,0
51,42,1898,2,0,18,0
38,100,6292,1,1,6,0
23,67,2675,2,0,28,0
63,21,244,3,2,24,0
15,103,7607,5,2,19,0
25,39,4957,3,1,26,0
17,78,4026,7,1,5,0
66,65,1477,2,0,24,0
53,22,3246,2,1,26,0
51,74,1925,2,0,10,0
39,31,5124,7,0,4,0
51,59,893,3,2,11,0
70,85,1701,0,0,0,0
6,119,5856,1,2,18,0
67,97,4514,9,0,10,0
7,35,1210,1,0,14,0
51,102,5772,2,1,24,0
42,53,4153,5,1,15,0
64,63,4893,7,2,2,0
15,25,4037,0,1,10,0
29,96,4063,8,0,10,0
33,83,5042,0,2,9,0
27,119,5997,9,2,1,0
36,41,882,1,2,19,0
29,37,6285,2,0,4,0
38,31,1216,6,1,22,0
57,71,7964,8,2,22,0
27,113,1850,2,0,24,0
55,70,7774,7,1,28,0
33,90,2676,8,1,7,0
68,115,4127,9,2,12,0
66,67,3436,6,0,14,1
10,38,5845,3,1,1,0
5,25,4487,3,0,11,0
38,103,5164,3,1,23,0
13,46,1587,5,2,7,0
31,72,3975,3,2,20,0
47,67,3731,4,1,28,0
52,26,6038,8,0,18,1
56,78,4292,6,1,24,0
15,88,4058,7,0,27,1
29,30,5314,4,1,22,0
8,34,3497,4,2,0,0
5,83,173,6,0,7,0
29,22,1459,7,2,9,0
47,88,1191,8,0,12,1
68,42,4953,1,1,4,0
45,72,2041,2,2,21,0
2,56,3248,1,2,8,0
27,28,4403,9,0,9,0
36,34,1344,6,0,13,1
36,22,1385,1,0,23,0
26,112,4605,1,2,29,0
43,89,6574,1,1,10,0
27,36,6587,3,0,13,0
69,45,3136,0,1,29,0
20,40,870,1,0,2,0
11,91,1943,2,1,28,0
38,40,173,6,0,20,1
6,30,1760,9,1,15,0
23,57,7967,0,2,19,0
47,91,4449,5,0,29,1
46,107,7202,2,0,16,0
12,54,919,2,2,4,0
13,33,3918,3,0,25,0
62,33,5181,3,0,6,0
60,29,431,6,2,16,0
43,31,1521,2,2,19,0
68,57,7612,7,1,21,0
5,53,3755,7,2,10,0
37,60,6990,6,2,11,0
31,29,5031,1,0,24,0
9,36,1791,4,2,26,0
51,36,4650,5,0,23,1
29,86,6125,9,2,1,0
40,81,5334,3,2,26,0
41,114,4508,9,1,18,0
11,20,5213,4,2,25,0
23,31,327,8,2,28,0
1,23,2981,6,0,4,0
46,61,5053,1,0,10,0
21,32,5464,0,1,22,0
36,117,2965,1,2,18,0
54,104,7793,2,0,27,0
57,105,5213,1,2,6,0
1,23,2675,2,1,20,0
63,101,5145,9,0,25,1
54,88,4622,8,0,21,1
55,38,6285,3,1,5,0
40,21,564,8,2,10,0
15,31,5841,2,0,26,0
21,100,377,0,0,13,0
47,93,7079,4,1,27,0
53,117,4214,9,1,3,0
9,25,165,9,1,27,0
52,27,4362,1,2,7,0
57,70,5804,3,2,8,0
26,30,7263,1,2,1,0
41,82,502,1,1,24,0
35,76,4083,2,0,10,0
63,31,4604,4,2,27,0
25,92,6355,3,1,19,0
38,21,7541,1,2,21,0
2,27,3578,9,0,29,1
7,30,3544,1,0,6,0
34,72,4792,5,1,3,0
17,119,6894,6,0,23,1
43,29,5258,9,1,28,0
59,104,6348,5,1,13,0
51,103,4519,6,1,25,0
54,27,6178,0,1,23,0
24,55,3139,5,0,0,0
25,112,1537,2,0,23,0
71,95,528,0,0,25,0
52,33,2782,7,0,29,1
70,73,2877,3,1,11,0
33,104,7132,9,1,18,0
49,105,5280,7,0,4,0
29,40,5831,9,2,29,0
63,69,3478,3,2,25,0
22,113,5573,3,2,7,0
26,58,492,9,0,10,0
28,39,6447,3,1,21,0
49,107,6501,5,1,3,0
71,106,6729,8,2,14,0
49,26,5736,4,2,19,0
20,28,4641,9,1,11,0
63,20,7976,7,2,19,0
61,45,5399,7,2,21,0
49,57,5219,3,1,22,0
71,57,441,9,2,28,0
1,80,232,8,2,20,0
13,63,6686,8,0,9,0
51,105,6055,4,2,29,0
56,63,6496,5,0,23,1
62,93,364,4,1,15,0
32,81,4288,2,0,22,0
30,25,1785,7,1,7,0
29,36,1534,8,0,19,1
49,70,6381,3,0,7,0
45,57,5427,8,0,28,1
30,43,5197,8,2,5,0
16,70,1760,6,2,2,0
40,29,3917,7,2,28,0
19,91,5792,2,2,7,0
18,40,2454,4,2,28,0
1,89,365,2,0,22,0
47,104,4841,6,2,9,0
66,76,6561,5,1,4,0
38,58,1236,2,0,10,0
51,107,7144,8,0,3,0
63,52,5597,0,1,16,0
4,78,4649,9,2,25,0
1,37,6434,2,1,2,0
8,75,6110,9,0,17,1
29,111,5659,6,0,7,0
55,76,5406,2,0,29,0
3,115,5026,2,1,23,0
32,95,1490,1,2,11,0
10,67,1212,8,0,20,1
34,61,2334,3,2,15,0
55,46,2966,9,0,13,1
32,93,6165,5,2,20,0
50,71,3168,1,1,15,0
7,61,2279,8,0,26,1
8,51,5067,6,0,3,0
65,45,734,9,0,0,0
57,44,3731,4,1,0,0
67,94,1499,6,1,28,0
59,42,4886,3,2,21,0
54,117,2839,9,1,14,0
67,76,3270,6,0,19,1
51,71,1965,1,2,19,0
8,106,5253,6,1,2,0
34,112,2055,3,2,13,0
35,50,4777,3,2,8,0
32,83,2318,0,2,18,0
46,90,1489,2,0,7,0
16,52,4979,4,0,1,0
68,104,3230,4,1,3,0
37,21,4376,1,0,0,0
54,37,4214,3,2,10,0
14,66,1349,0,2,4,0
55,52,7740,8,0,1,0
48,117,3266,0,2,26,0
7,103,7124,5,0,12,1
7,54,7564,6,2,16,0
33,70,5812,2,1,16,0
23,37,6418,0,1,17,0
19,107,1345,6,0,20,1
19,91,5834,2,0,27,0
36,49,153,9,0,8,0
29,63,6938,5,0,5,0
60,72,3010,5,0,27,1
2,29,5622,3,2,19,0
1,106,7585,5,1,2,0
47,71,2496,9,2,7,0
69,68,542,3,1,2,0
20,30,7076,7,2,0,0
11,85,4775,8,2,19,0
2,77,3711,1,2,26,0
67,109,4477,6,0,12,1
12,55,2507,8,1,20,0
20,52,7158,8,0,4,0
5,66,922,4,0,15,1
37,32,3802,0,2,20,0
38,59,3039,5,1,23,0
9,108,7196,7,1,15,0
53,87,5865,0,1,23,0
44,61,4836,1,1,11,0
24,38,1131,0,0,12,0
30,101,2116,4,0,3,0
59,113,662,1,1,8,0
14,38,2638,9,0,15,1
9,77,440,9,1,0,0
40,42,4667,3,0,4,0
66,73,5906,0,2,20,0
25,99,7962,6,2,4,0
22,84,3875,7,1,23,0
4,31,2396,4,1,24,0
26,43,334,1,0,18,0
58,53,5302,7,1,8,0
29,72,1216,0,1,28,0
37,27,2008,6,0,26,1
70,37,1517,0,1,7,0
18,76,5019,5,1,18,0
42,24,1391,5,2,17,0
41,45,3588,4,2,14,0
38,49,4827,1,2,3,0
34,73,3754,1,1,14,0
17,32,628,8,0,12,1
37,102,3424,4,2,27,0
25,48,2080,4,1,17,0
27,22,6365,6,2,19,0
57,109,3039,5,0,4,0
31,77,6253,1,0,17,0
6,95,5535,0,0,27,0
40,21,7081,4,0,7,0
12,94,5492,3,0,0,0
53,47,1429,2,0,18,0
71,101,1333,1,1,22,0
10,96,6177,9,2,25,0
45,105,1853,1,0,16,0
17,95,2900,3,2,28,0
26,21,3033,1,2,26,0
62,26,6707,3,1,1,0
46,45,2859,2,0,18,0
64,109,2875,8,0,29,1
2,107,6960,6,1,15,0
54,95,6144,2,1,29,0
65,35,3587,7,1,17,0
51,42,7483,8,1,1,0
53,59,6323,6,1,27,0
36,79,3950,5,2,26,0
26,92,2627,3,1,5,0
29,51,5097,4,0,6,0
21,34,990,7,0,5,0
11,32,5766,2,1,26,0
40,24,6020,1,1,5,0
11,94,2165,2,1,8,0
36,93,1288,6,1,7,0
59,71,5744,7,1,29,0
39,96,4397,0,0,23,0
54,60,840,6,2,21,0
55,72,1469,8,1,20,0
24,69,1489,2,1,8,0
22,34,2100,2,1,11,0
69,26,1571,7,0,17,1
56,59,1636,3,0,22,0
33,47,418,7,2,5,0
36,51,2364,4,2,22,0
20,118,5253,2,2,27,0
62,34,1994,3,2,3,0
26,119,6509,3,0,24,0
66,104,3811,7,2,6,0
40,89,4919,5,1,17,0
17,84,2922,6,0,28,1
1,23,7347,8,0,19,1
61,30,5896,5,0,4,0
43,45,4608,2,1,17,0
42,80,1375,2,0,9,0
25,56,3183,2,1,7,0
39,42,500,9,2,0,0
35,112,6035,1,0,14,0
3,104,823,0,1,2,0
44,110,2429,9,0,14,1
51,59,1235,0,2,13,0
12,96,2870,3,0,0,0
19,42,7645,2,2,20,0
44,35,4946,4,0,7,0
59,113,367,8,1,6,0
49,80,6541,7,2,8,0
61,87,5536,8,0,17,1
17,99,669,4,2,11,0
57,50,2656,7,2,7,0
55,72,2073,3,1,7,0
47,44,645,4,1,29,0
12,63,2922,2,1,5,0
62,31,4560,4,1,2,0
8,109,4742,2,2,1,0
21,116,370,4,2,13,0
70,111,7741,4,0,7,0
25,28,838,5,0,5,0
12,31,6780,8,0,3,0
15,88,1357,0,1,4,0
59,73,158,9,2,20,0
26,73,5470,5,2,12,0
26,47,6066,0,0,8,0
47,75,4281,5,0,12,1
32,118,4958,1,2,28,0
10,88,489,7,1,8,0
16,117,5399,2,0,23,0
71,117,818,9,0,23,1
17,96,7099,5,2,15,0
23,77,4344,5,2,11,0
26,97,4778,3,0,1,0
7,94,220,4,0,29,1
14,61,7008,1,1,18,0
7,57,2752,9,1,29,0
9,87,2403,9,1,15,0
48,72,4961,7,1,23,0
59,52,3011,9,0,12,1
39,90,899,6,0,4,0
18,75,3480,9,0,22,1
59,91,2206,5,1,29,0
17,70,5217,6,0,23,1
14,93,7336,0,2,5,0
31,62,5665,4,1,20,0
24,34,6631,6,2,23,0
60,57,1209,0,1,16,0
45,34,7029,1,0,16,0
3,24,1350,8,1,16,0
37,112,2740,2,2,2,0
43,102,1749,5,1,25,0
40,73,7451,6,2,12,0
55,70,6011,8,0,11,1
39,29,1445,4,2,5,0
15,31,3056,3,0,21,0
4,23,5537,1,2,20,0
25,114,6809,2,0,28,0
13,37,2546,4,2,12,0
33,99,5928,1,0,13,0
16,55,5094,3,0,6,0
42,44,3464,0,0,4,0
66,106,6536,3,2,13,0
55,95,584,6,2,17,0
42,117,7714,2,0,3,0
34,55,902,9,1,0,0
30,86,1815,7,0,6,0
13,28,2015,5,1,19,0
13,80,3583,5,0,12,1
18,72,7775,0,2,3,0
32,37,1857,4,1,12,0
39,62,1909,2,2,3,0
46,54,7133,9,1,2,0
29,82,6487,0,1,7,0
62,117,5639,7,1,19,0
62,97,6148,6,1,7,0
57,23,3107,6,2,24,0
16,112,3325,9,1,16,0
56,60,7059,9,0,14,1
10,64,3595,9,0,3,0
30,69,2420,3,1,5,0
25,98,1770,5,2,23,0
5,47,6044,8,2,29,0
65,61,4715,2,1,21,0
49,99,1251,8,2,27,0
3,95,5592,3,2,5,0
45,88,6811,4,2,9,0
14,117,6881,6,1,3,0
30,20,6402,5,0,8,0
68,58,7838,9,0,15,1
18,115,7837,7,0,6,0
62,109,4847,7,0,13,1
37,36,2323,7,0,26,1
25,110,6146,2,2,5,0
48,107,2767,9,2,0,0
65,54,310,5,2,17,0
53,65,2594,6,1,11,0
15,61,4781,8,2,21,0
49,58,4362,9,0,26,1
68,109,2607,9,2,14,0
12,68,3063,3,0,0,0
59,81,3528,4,2,14,0
37,57,3475,7,0,14,1
61,42,5452,0,2,26,0
43,41,7594,5,0,15,1
70,23,4055,3,0,20,0
39,68,5401,4,1,0,0
56,78,3805,4,2,28,0
63,92,3505,1,0,2,0
46,87,5934,7,2,11,0
11,90,4138,1,0,27,0
62,106,1152,3,1,27,0
25,21,813,4,1,6,0
71,68,7360,0,1,4,0
52,107,2988,5,1,27,0
4,114,7111,1,0,25,0
59,50,787,4,2,0,0
20,59,429,5,1,0,0
63,67,1846,7,1,14,0
54,70,1307,8,1,7,0
57,62,2242,5,2,10,0
41,117,884,4,0,13,1
3,74,2796,3,0,28,0
6,107,3920,1,0,24,0
5,68,6596,1,0,22,0
5,109,7173,6,2,12,0
54,99,5136,4,2,18,0
47,76,7227,6,2,11,0
49,96,5484,0,1,21,0
9,34,3818,0,2,18,0
20,46,5875,4,0,25,1
61,87,7286,1,2,3,0
35,99,2793,7,1,27,0
50,83,725,2,0,3,0
62,113,7766,0,2,2,0
17,49,4334,1,0,25,0
3,55,3808,9,0,5,0
32,86,6959,9,2,4,0
13,105,7840,6,2,10,0
68,105,861,5,1,24,0
14,68,6029,7,2,8,0
11,95,7792,6,2,2,0
56,74,4079,9,2,28,0
67,104,6498,7,0,8,0
29,75,7352,2,1,28,0
9,87,3629,5,0,11,1
67,114,1655,6,2,2,0
25,63,3733,9,1,19,0
42,50,775,0,2,16,0
9,77,4287,0,0,20,0
40,106,7867,6,0,11,1
25,72,5288,2,2,24,0
5,103,136,2,1,17,0
11,98,3936,4,0,3,0
59,42,1887,5,2,9,0
38,47,6383,1,2,17,0
5,35,7110,2,2,29,0
48,56,2827,5,1,7,0
18,40,7833,2,2,8,0
70,98,5397,4,2,18,0
37,36,3980,8,0,12,1
60,56,6032,2,2,24,0
48,96,1994,5,1,5,0
28,38,7885,4,2,21,0
69,49,236,4,1,6,0
40,64,6433,5,2,27,0
45,37,5859,5,2,20,0
62,97,6585,0,2,5,0
58,81,5778,8,1,10,0
67,55,3176,4,0,16,1
56,119,5167,0,1,18,0
40,103,7524,7,0,27,1
40,71,3983,6,1,24,0
33,38,761,6,2,11,0
6,63,6486,4,2,20,0
19,26,1910,0,0,20,0
40,63,7987,8,0,23,1
59,87,514,8,1,26,0
59,53,7894,7,1,26,0
48,85,6950,4,0,12,1
41,88,442,2,0,17,0
13,74,2829,7,1,28,0
45,29,3550,0,0,6,0
53,115,3765,2,0,24,0
42,61,3837,6,0,22,1
63,60,6896,3,0,27,0
27,96,3997,6,2,4,0
38,88,4341,4,2,28,0
60,29,4518,5,0,15,1
7,29,2269,6,1,21,0
5,110,5471,9,2,3,0
45,79,1978,6,1,29,0
58,70,4070,6,1,27,0
31,40,6554,6,2,22,0
23,27,4796,6,1,0,0
42,84,4670,2,1,3,0
10,111,2717,2,0,2,0
32,97,1615,6,0,28,1
53,104,674,1,0,3,0
30,49,4542,1,2,0,0
39,104,2967,2,0,11,0
31,68,5706,3,1,12,0
2,28,3644,5,1,1,0
12,36,4577,7,1,27,0
39,88,5499,9,1,26,0
66,77,171,9,1,28,0
13,76,2668,6,2,8,0
46,81,3537,3,1,6,0
27,114,3080,1,2,12,0
17,71,1217,1,1,21,0
60,80,5592,3,2,1,0
64,59,2486,5,2,0,0
35,57,3608,2,1,17,0
70,62,1459,5,1,6,0
30,82,4859,4,1,17,0
71,38,1615,4,1,18,0
63,119,6087,1,0,7,0
28,69,139,7,0,22,1
60,52,1482,4,2,11,0
37,32,2130,1,2,10,0
22,97,2721,6,0,26,1
68,116,5473,8,2,29,0
20,81,5161,8,1,26,0
68,112,6824,0,2,8,0
64,62,7665,6,2,27,0
17,68,2000,8,2,3,0
12,55,2317,5,0,6,0
22,29,7957,0,0,16,0
17,114,4896,1,2,10,0
10,25,4706,3,1,26,0
65,76,1383,3,2,1,0
22,20,683,1,0,22,0
50,90,5179,7,1,17,0
14,77,558,1,2,21,0
64,110,6772,2,0,28,0
47,40,6101,3,1,25,0
29,111,6584,8,2,11,0
36,99,6300,9,0,8,0
52,75,2365,0,1,10,0
7,106,2766,7,2,4,0
29,39,915,4,1,25,0
11,73,7952,6,1,6,0
33,44,6974,7,1,28,0
6,47,2611,4,0,0,0
32,24,346,7,2,23,0
51,40,4925,9,1,24,0
58,37,6616,7,1,28,0
26,66,516,8,1,4,0
46,89,5250,1,0,5,0
29,76,4563,2,1,12,0
4,112,6802,0,0,10,0
13,38,3817,3,0,7,0
39,116,207,4,1,19,0
15,84,2731,0,1,1,0
29,22,938,7,0,14,1
29,61,4613,1,0,9,0
32,40,5839,0,1,7,0
2,118,5016,1,0,1,0
47,59,1521,4,0,20,1
22,86,7539,8,1,14,0
27,44,4878,8,1,28,0
67,74,7383,1,2,5,0
56,103,4012,1,1,4,0
21,71,7853,2,1,21,0
47,63,355,6,1,21,0
59,117,7348,2,2,2,0
6,104,2927,0,0,10,0
19,75,7395,5,1,10,0
57,74,937,2,1,15,0
69,106,3062,0,2,2,0
3,89,2382,3,2,8,0
1,96,652,0,2,2,0
58,106,280,0,0,18,0
38,92,4352,1,2,10,0
15,100,1577,9,0,13,1
34,85,670,7,1,1,0
61,38,5052,1,1,6,0
35,102,5980,1,1,9,0
64,26,1827,9,2,9,0
25,82,5243,9,1,19,0
24,61,5692,7,2,0,0
12,61,5619,5,0,5,0
18,78,7191,3,1,20,0
15,39,691,2,0,13,0
27,92,6377,0,2,26,0
60,36,4616,2,2,1,0
46,46,2360,8,1,5,0
17,66,3047,4,1,0,0
53,21,6725,5,2,2,0
8,82,447,4,1,3,0
27,81,265,0,1,12,0
46,119,5132,9,0,2,0
50,38,4543,0,2,14,0
71,36,2996,3,0,12,0
3,88,4593,2,1,21,0
64,58,682,7,0,10,0
44,101,6969,6,2,3,0
53,90,3606,6,0,29,1
24,100,5796,7,0,16,1
60,58,7488,9,1,4,0
3,55,4503,6,2,20,0
20,59,3138,9,1,24,0
46,64,2945,1,1,23,0
15,23,7964,3,2,7,0
25,44,2866,5,0,20,1
71,88,6709,2,1,23,0
17,49,4294,2,0,29,0
9,95,1365,5,2,9,0
38,87,4353,0,1,6,0
48,107,6853,0,0,16,0
60,48,4749,4,0,27,1
63,92,4846,0,1,6,0
2,87,3067,9,2,26,0
11,70,2374,7,0,23,1
64,43,2570,1,2,18,0
21,33,7339,5,1,8,0
18,88,2390,9,0,23,1
64,37,2677,9,0,1,0
38,61,3760,4,0,21,1
32,76,1168,9,2,19,0
11,102,5691,3,0,18,0
45,31,6614,0,0,26,0
33,101,6074,2,1,5,0
41,36,6895,3,0,9,0
8,49,2836,1,2,12,0
11,107,4929,1,1,24,0
51,94,2050,1,1,1,0
41,118,191,0,0,9,0
17,42,3193,9,1,9,0
46,100,2319,1,0,25,0
32,20,5823,5,1,4,0
54,98,5411,2,2,21,0
20,51,5296,9,0,3,0
33,28,5500,4,2,22,0
40,34,1487,0,0,1,0
32,47,4374,7,2,6,0
2,43,2385,3,2,17,0
33,79,3306,8,1,16,0
30,54,3024,3,0,10,0
33,105,7145,1,1,20,0
26,46,379,2,2,17,0
22,102,5238,4,0,7,0
66,95,1718,9,2,27,0
38,39,2887,5,2,27,0
46,84,470,6,2,11,0
15,104,5996,3,2,23,0
44,68,3283,6,1,0,0
49,20,3934,9,2,19,0
61,29,7943,2,1,29,0
67,66,7113,6,2,24,0
6,78,1803,3,0,20,0
9,115,7262,7,2,11,0
6,81,2368,8,2,26,0
32,105,7163,6,0,25,1
41,37,403,7,0,28,1
8,65,3874,7,2,5,0
50,51,1448,1,2,2,0
62,46,5656,8,1,4,0
62,111,6681,5,0,13,1
7,37,5389,3,0,11,0
4,58,2522,4,1,12,0
6,68,3728,9,2,12,0
58,112,2528,4,2,28,0
22,101,3133,6,0,16,1
26,63,6257,8,1,23,0
3,91,6986,6,2,26,0
41,73,768,8,0,14,1
60,114,599,3,2,5,0
14,53,7913,9,2,11,0
12,90,1514,9,2,1,0
12,55,5768,3,0,3,0
13,37,6808,5,1,19,0
25,57,629,7,1,24,0
45,78,6202,8,2,24,0
19,28,6735,0,1,20,0
55,92,3721,0,2,11,0
45,91,7966,7,0,2,0
8,70,3556,6,0,16,1
53,54,5415,8,0,5,0
55,101,854,2,2,23,0
32,24,2447,9,1,16,0
51,33,5010,4,0,26,1
44,111,6790,2,2,16,0
70,49,826,4,1,10,0
18,23,4926,9,1,22,0
22,58,5023,0,1,6,0
37,103,2749,3,2,1,0
56,83,5527,5,2,18,0
59,44,2146,1,2,1,0
3,47,7519,6,0,21,1
28,95,7275,7,2,28,0
35,85,2915,0,0,12,0
61,97,974,3,0,23,0
54,41,3379,3,0,23,0
63,50,3084,4,2,15,0
7,42,2278,3,0,16,0
49,67,3907,8,2,10,0
31,39,7976,6,2,8,0
58,57,6199,1,0,26,0
61,74,5873,0,0,23,0
24,87,707,8,0,8,0
20,98,6269,0,2,28,0
37,107,7890,5,2,13,0
4,108,5673,1,0,12,0
20,20,734,3,0,24,0
60,26,5405,5,1,10,0
24,76,4679,4,0,11,1
50,114,2827,5,1,21,0
49,31,1174,2,1,2,0
51,24,2014,4,2,0,0
36,69,6248,1,2,26,0
66,61,688,6,1,7,0
34,31,3331,2,1,25,0
36,37,6451,0,0,18,0
6,85,2404,7,1,12,0
39,93,5424,7,0,6,0
42,98,3938,2,2,12,0
58,113,2073,6,0,25,1
12,36,6254,8,2,5,0
3,87,5144,7,1,2,0
18,90,2155,2,1,5,0
40,81,3580,1,1,27,0
21,60,7179,9,0,2,0
15,114,2179,6,2,12,0
26,53,6203,6,2,12,0
8,89,6783,8,2,29,0
42,64,5937,4,2,24,0
44,77,3152,3,2,12,0
14,70,4582,7,0,0,0
2,53,1351,3,2,28,0
37,63,6883,3,1,7,0
69,34,5986,1,2,4,0
38,97,5694,0,1,19,0
41,89,3895,3,0,16,0
62,69,3922,6,0,8,0
60,51,4402,8,1,12,0
14,86,3489,8,2,24,0
2,22,6014,9,0,12,1
70,105,1880,0,0,4,0
17,105,2704,4,0,13,1
28,93,3788,6,2,10,0
66,70,6591,6,1,24,0
35,86,4988,9,1,25,0
5,95,6477,5,2,13,0
65,112,1824,9,0,24,1
40,67,7311,3,2,6,0
56,36,5201,2,2,23,0
36,26,2884,8,1,16,0
45,32,5137,9,2,3,0
23,85,5361,3,2,9,0
47,23,3819,7,0,9,0
31,29,6419,0,0,14,0
11,107,1777,6,1,19,0
10,36,548,5,0,11,1
67,71,4787,0,2,8,0
14,25,181,3,2,2,0
10,102,6378,4,2,14,0
1,88,7986,7,1,11,0
5,115,7099,3,0,25,0
20,93,7444,2,2,14,0
8,28,1506,1,0,25,0
43,110,7510,3,0,0,0
1,96,7834,9,0,14,1
57,102,7408,3,0,10,0
64,40,1580,9,1,4,0
28,43,6683,4,1,6,0
37,23,1179,6,1,11,0
47,43,3698,8,2,19,0
37,78,6940,1,2,24,0
49,118,4614,4,2,5,0
44,22,4283,9,1,21,0
56,87,3780,8,0,2,0
28,59,2803,2,1,9,0
6,67,7275,0,2,25,0
61,73,7744,1,2,20,0
20,54,4410,5,0,25,1
2,114,3856,4,1,21,0
37,75,1858,0,0,29,0
20,108,2699,0,1,3,0
26,59,5716,3,2,12,0
29,96,5913,3,0,18,0
1,87,2650,5,0,4,0
35,65,3953,5,1,22,0
70,97,2846,9,1,26,0
59,32,2392,5,1,21,0
69,46,1601,0,2,17,0
33,25,4504,9,1,0,0
51,36,330,8,2,20,0
12,55,7650,6,1,20,0
20,118,4350,6,1,27,0
53,100,1298,6,2,15,0
43,21,7091,1,1,15,0
50,96,214,1,2,15,0
29,71,1513,5,2,27,0
57,85,4506,6,1,21,0
39,71,1092,2,1,18,0
56,111,2447,3,0,15,0
43,62,1141,2,1,0,0
50,109,7027,6,0,19,1
23,41,111,6,1,19,0
44,74,5623,3,2,9,0
38,86,7971,6,2,1,0
23,118,6475,4,0,13,1
45,79,7198,0,1,7,0
52,77,3776,9,0,5,0
50,31,6209,3,1,27,0
8,107,4925,6,1,2,0
1,88,5497,1,2,15,0
8,103,5572,1,0,16,0
29,58,3165,0,2,11,0
5,32,2136,1,2,26,0
47,60,3146,9,2,18,0
34,76,2450,7,0,23,1
65,72,640,7,1,19,0
55,31,6713,7,1,2,0
43,32,2960,0,0,12,0
30,93,176,0,1,15,0
17,116,3167,9,0,10,0
26,76,7788,3,0,19,0
8,59,123,5,1,26,0
47,99,5234,7,2,15,0
46,64,775,1,0,19,0
68,54,6768,2,0,1,0
33,22,2494,5,0,3,0
1,24,4367,9,0,26,1
19,109,6088,3,1,27,0
31,30,3498,1,1,24,0
14,90,2859,6,0,3,0
53,75,7752,3,2,27,0
48,29,588,7,1,16,0
69,53,1585,7,2,0,0
62,86,6621,6,2,0,0
66,91,3759,9,0,29,1
64,50,3335,8,1,4,0
70,94,2519,3,0,21,0
63,90,7840,6,0,11,1
33,85,7243,9,2,5,0
41,89,7220,9,2,5,0
48,60,3595,0,2,24,0
13,82,856,3,0,16,0
31,51,2624,1,0,25,0
68,39,6625,8,0,21,1
4,76,4350,4,0,12,1
19,117,356,2,0,7,0
70,69,1879,3,0,23,0
13,99,4869,5,0,11,1
23,44,2215,9,0,14,1
1,31,6587,0,1,18,0
54,90,3448,6,1,28,0
71,58,4868,7,1,20,0
15,36,6634,6,1,25,0
65,64,1572,6,0,19,1
71,30,358,8,0,27,1
15,89,4175,3,2,16,0
21,42,406,6,2,8,0
19,110,1218,8,1,20,0
60,89,7193,4,2,17,0
33,57,7731,1,1,27,0
49,21,3117,4,0,1,0
35,105,4441,3,0,10,0
44,103,2880,7,2,22,0
11,108,1758,4,0,19,1
66,98,286,8,0,16,1
46,112,1897,8,1,20,0
9,91,1024,2,2,17,0
3,56,884,9,0,14,1
26,68,3544,5,2,6,0
48,71,5791,5,0,15,1
66,52,7673,3,1,24,0
70,41,6651,9,0,28,1
28,24,3296,2,2,0,0
26,37,1460,0,2,27,0
25,57,440,6,1,17,0
12,56,662,4,0,26,1
5,113,7445,9,1,21,0
48,114,4846,6,2,7,0
37,83,3099,0,1,6,0
44,29,1293,7,0,24,1
15,98,3210,2,0,29,0
43,61,168,6,1,1,0
48,67,7503,2,2,11,0
70,63,5779,2,2,15,0
46,101,2528,9,1,8,0
43,106,6300,8,0,19,1
21,116,5496,1,0,10,0
23,35,7093,3,0,14,0
47,73,5318,5,0,2,0
15,54,5111,2,2,22,0
25,117,3698,9,0,20,1
36,47,2472,9,1,12,0
51,21,4656,6,1,20,0
15,113,6422,6,1,27,0
68,32,943,4,1,12,0
21,60,673,2,0,1,0
13,99,4314,1,2,5,0
19,78,7736,3,0,5,0
34,88,2696,3,2,11,0
68,111,4841,7,0,3,0
52,72,1578,7,2,4,0
27,64,2173,4,1,22,0
29,39,1613,5,1,29,0
28,43,6227,7,2,7,0
35,80,5227,0,2,5,0
8,110,1068,4,2,20,0
16,113,6206,3,1,27,0
36,77,5735,3,1,2,0
30,46,6776,1,0,22,0
18,45,2296,9,2,7,0
2,26,1611,0,2,18,0
49,61,5244,5,2,20,0
4,66,754,6,1,10,0
7,72,6150,4,2,17,0
39,78,3092,7,2,9,0
13,57,4750,8,1,25,0
31,88,4620,1,2,27,0
71,106,392,3,0,19,0
63,111,5404,8,1,11,0
56,117,2701,4,1,19,0
42,72,4626,2,1,27,0
61,34,6847,5,0,28,1
42,115,4512,2,1,7,0
56,45,4593,4,1,18,0
36,67,5543,2,1,20,0
68,114,1688,5,1,15,0
7,38,695,9,0,26,1
54,28,2693,4,2,20,0
1,83,2223,8,2,17,0
44,112,7108,2,1,8,0
45,73,2043,5,0,3,0
47,70,1015,7,1,8,0
13,58,6952,6,2,24,0
22,23,6729,5,2,1,0
21,22,3969,1,0,8,0
9,83,7355,6,2,8,0
26,48,2894,7,1,17,0
9,30,5451,0,0,10,0
15,116,3178,8,2,12,0
10,77,6793,3,1,5,0
42,94,1075,7,0,8,0
24,46,1175,9,1,15,0
49,116,7922,6,2,3,0
26,40,3089,9,1,1,0
37,58,7162,6,0,6,0
68,114,3567,1,1,14,0
50,65,5440,0,2,24,0
24,85,1551,3,0,5,0
19,110,3923,1,0,10,0
60,55,5362,7,2,26,0
39,94,4032,9,1,29,0
18,101,2128,6,1,19,0
19,84,462,7,2,16,0
36,82,2529,5,0,3,0
55,118,3732,0,2,18,0
69,54,7544,8,0,6,0
47,50,2418,5,0,10,0
49,47,3185,9,1,12,0
33,20,2445,0,2,26,0
21,44,7247,0,0,25,0
22,62,7731,7,1,20,0
48,103,3698,5,2,27,0
37,86,4429,7,2,2,0
15,82,6818,7,0,13,1
35,70,1831,7,0,1,0
71,21,126,9,0,28,1
32,101,5690,6,2,17,0
11,83,192,6,0,4,0
10,93,2764,9,2,12,0
57,88,408,3,1,12,0
25,28,151,8,2,23,0
2,21,418,1,0,23,0
64,53,2092,8,2,13,0
35,79,4376,9,0,11,1
7,80,5788,2,1,20,0
18,50,7387,1,0,12,0
67,29,3991,3,0,17,0
42,95,7118,4,0,12,1
39,55,7310,1,0,3,0
41,104,4842,0,0,22,0
24,68,4056,9,0,29,1
60,89,6157,4,1,21,0
46,68,5479,8,1,9,0
19,22,6440,4,2,22,0
68,93,2792,9,0,4,0
42,24,3118,8,2,17,0
32,109,6498,9,1,7,0
39,80,2124,5,1,13,0
36,104,6975,2,0,27,0
36,109,4531,3,0,1,0
3,45,5772,3,2,27,0
8,91,1625,0,1,7,0
70,24,5185,2,2,15,0
41,34,7143,2,2,6,0
68,35,1378,0,2,2,0
13,20,613,8,0,28,1
49,35,6225,0,1,3,0
60,56,7974,8,2,28,0
2,22,4437,0,1,6,0
60,71,6392,1,1,3,0
5,66,1833,1,2,8,0
44,114,3470,5,2,22,0
27,32,7000,6,0,16,1
32,99,4021,0,1,16,0
21,74,6863,2,2,19,0
8,40,2600,1,2,13,0
50,85,3564,7,1,13,0
67,73,2359,8,2,28,0
44,46,4863,1,1,24,0
58,57,7805,1,2,12,0
3,109,4789,9,1,3,0
70,77,7862,8,2,12,0
2,81,6374,3,2,20,0
44,65,7596,4,0,16,1
2,108,2759,8,1,14,0
35,30,355,5,0,29,1
30,91,1602,9,2,17,0
8,27,4756,8,1,10,0
22,116,2210,8,1,3,0
44,90,5530,6,2,27,0
58,83,506,9,2,19,0
36,40,2949,8,2,10,0
69,91,3276,4,2,9,0
31,82,7884,4,1,21,0
47,104,1960,7,0,12,1
55,83,6258,9,1,21,0
62,39,5906,3,1,7,0
30,27,4454,8,1,27,0
55,77,822,6,1,12,0
16,65,7679,6,2,8,0
12,50,1382,2,0,29,0
17,112,713,3,1,0,0
16,28,3431,6,1,0,0
12,34,5890,4,0,14,1
8,113,3216,2,2,21,0
3,45,2078,0,1,3,0
16,29,912,6,2,26,0
30,48,1886,5,1,19,0
23,99,430,9,1,0,0
5,55,2312,6,0,24,1
65,103,1316,1,0,11,0
30,56,5740,3,2,10,0
21,105,7668,1,1,18,0
70,90,5593,7,2,14,0
22,42,7332,6,0,20,1
32,60,4582,0,0,9,0
33,112,5714,1,0,0,0
16,99,6013,1,0,23,0
38,47,7960,3,0,2,0
14,67,7682,2,2,13,0
36,57,6013,0,2,14,0
23,50,6010,1,0,0,0
66,33,7297,8,1,9,0
2,116,3437,0,1,21,0
65,92,2475,8,1,0,0
67,110,5711,6,1,14,0
52,107,1340,1,1,2,0
62,96,419,1,0,20,0
23,109,4594,4,2,19,0
26,48,2014,4,0,22,1
68,70,4300,3,1,21,0
55,68,4891,9,1,11,0
6,62,7260,9,2,18,0
35,111,429,2,0,15,0
22,111,759,3,2,26,0
43,91,3788,9,1,7,0
15,106,3218,3,1,23,0
60,112,6842,1,2,13,0
12,24,5016,4,1,17,0
49,61,2072,4,0,22,1
42,26,6884,4,1,29,0
38,61,1893,9,1,0,0
45,55,6557,0,0,1,0
35,46,3318,5,1,23,0
30,77,4657,1,2,11,0
30,65,5803,6,2,16,0
6,85,2633,3,1,1,0
67,44,5871,4,0,27,1
7,92,2557,4,0,16,1
52,46,6270,4,2,20,0
14,20,3200,1,1,6,0
15,106,4466,4,0,5,0
21,93,2833,2,0,5,0
35,61,6744,3,2,21,0
66,71,7520,1,2,7,0
2,44,4580,3,0,4,0
35,73,4255,8,2,14,0
20,86,5326,7,0,25,1
10,25,319,2,1,6,0
25,77,5660,0,2,2,0
66,89,2918,0,2,24,0
25,72,2006,5,1,9,0
54,85,7925,2,0,2,0
33,77,2711,3,0,29,0
36,101,5791,0,2,13,0
14,106,2693,7,0,21,1
65,21,195,0,0,2,0
54,95,1088,4,1,0,0
52,41,1212,5,1,0,0
3,56,7071,1,1,18,0
41,39,6141,6,2,3,0
6,43,2378,6,1,29,0
25,103,5163,0,1,1,0
13,84,6518,3,0,24,0
8,84,345,3,1,10,0
21,100,2258,4,2,23,0
68,20,4429,0,1,11,0
25,113,3449,0,2,12,0
68,22,7744,6,0,15,1
45,65,6660,8,0,15,1
60,74,2825,0,1,18,0
12,94,5347,1,0,22,0
32,107,5456,5,1,19,0
13,105,4177,5,0,20,1
31,83,4998,1,2,19,0
20,64,2766,8,0,8,0
18,45,3299,3,1,15,0
60,96,2854,6,1,26,0
63,84,7094,5,1,6,0
6,43,1517,2,2,12,0
32,93,6718,7,0,3,0
43,54,754,6,1,12,0
2,43,2542,8,2,7,0
60,47,210,2,2,1,0
23,119,189,0,2,6,0
31,99,862,1,0,10,0
5,35,5499,0,0,16,0
34,78,5552,4,0,23,1
10,100,7491,9,2,28,0
2,73,3272,1,0,13,0
11,98,2279,2,1,27,0
50,35,5232,7,2,29,0
31,34,2604,9,0,12,1
56,117,1564,4,2,14,0
9,30,197,3,2,21,0
21,84,5339,4,0,27,1
28,98,392,9,2,20,0
62,109,1939,5,0,24,1
7,87,1834,6,0,8,0
16,62,5220,8,0,2,0
4,88,2719,0,2,24,0
4,118,6493,3,2,12,0
40,32,4847,8,0,12,1
17,29,2296,4,2,8,0
52,94,3566,7,0,17,1
52,101,6287,0,1,4,0
36,117,2006,3,2,10,0
38,60,1821,8,2,1,0
50,69,3791,0,1,16,0
63,106,5263,0,1,22,0
63,90,7345,3,1,19,0
62,78,7493,2,0,20,0
7,58,6405,6,0,3,0
27,22,1916,2,1,21,0
14,95,352,0,0,26,0
71,26,4327,9,2,17,0
5,68,3619,1,1,23,0
55,45,2007,9,2,19,0
2,52,2010,3,0,7,0
62,67,2621,0,1,18,0
21,98,5875,0,0,11,0
21,21,3949,7,2,27,0
10,90,5328,6,0,10,0
58,51,6949,7,2,15,0
39,23,1158,3,0,4,0
5,39,3638,5,2,27,0
65,55,6121,2,0,2,0
13,51,2422,7,1,11,0
53,47,286,3,1,14,0
45,96,1048,2,0,15,0
32,20,2390,3,2,12,0
36,79,4459,5,0,6,0
60,75,6193,6,1,14,0
11,54,4717,6,2,2,0
63,49,7206,3,0,11,0
21,73,7945,7,0,7,0
52,55,5760,6,2,24,0
55,74,4978,1,0,28,0
26,108,7354,7,1,11,0
68,99,4730,8,1,17,0
34,77,309,4,2,2,0
52,102,2193,3,0,11,0
52,84,3638,3,0,28,0
29,88,1663,3,1,22,0
38,70,125,5,2,20,0
42,41,7533,3,2,25,0
21,107,274,6,2,22,0
42,72,5735,6,1,1,0
13,119,1434,4,1,13,0
64,55,421,4,2,13,0
17,87,5798,9,2,3,0
9,55,5354,7,0,16,1
41,71,4250,6,0,14,1
1,72,4147,6,2,15,0
2,101,5762,5,1,4,0
60,69,5805,6,1,23,0
48,99,7798,6,0,16,1
29,60,3327,9,2,22,0
10,37,1972,1,1,6,0
58,41,6911,9,1,22,0
60,85,6390,1,1,14,0
21,40,5704,9,1,16,0
28,119,6842,6,0,11,1
34,63,2167,9,1,10,0
8,66,7536,6,1,18,0
59,58,432,6,2,10,0
49,48,5774,4,2,1,0
17,73,5102,0,0,14,0
60,109,3091,1,0,4,0
45,104,1010,8,0,17,1
69,36,4596,7,0,28,1
32,99,1049,7,1,29,0
44,79,5525,9,2,20,0
65,50,2175,0,1,20,0
8,92,2614,5,1,15,0
43,114,3431,8,1,3,0
1,97,7801,7,2,26,0
51,68,3129,2,0,22,0
24,21,6106,3,0,9,0
24,67,200,2,2,21,0
17,33,4746,5,2,1,0
5,78,7045,8,0,14,1
20,116,2500,7,1,3,0
21,118,3471,9,0,28,1
58,77,5901,3,2,15,0
31,77,2443,1,0,29,0
11,70,452,7,0,26,1
52,103,3055,7,0,6,0
15,21,7397,5,2,24,0
7,60,1118,7,2,24,0
28,102,1279,8,0,11,1
51,101,5293,0,0,2,0
58,35,7609,8,1,16,0
5,23,3636,1,1,8,0
5,31,7357,0,0,7,0
8,48,3750,7,2,22,0
64,26,2602,7,1,5,0
10,33,3919,3,0,29,0
38,31,6955,7,1,14,0
8,118,1079,6,1,9,0
25,24,5551,1,1,22,0
66,100,4934,4,2,26,0
50,51,1076,9,0,24,1
67,93,1471,3,2,5,0
49,62,2380,2,2,14,0
36,100,5997,0,1,29,0
68,88,7865,4,0,13,1
41,64,7267,9,1,25,0
62,28,6345,7,2,18,0
10,68,5148,8,2,12,0
21,52,4676,6,0,13,1
36,119,5433,0,2,2,0
12,119,207,0,2,3,0
2,37,7432,0,0,25,0
13,28,1072,1,1,28,0
53,81,1726,0,0,13,0
32,76,803,3,2,13,0
16,48,6578,9,0,25,1
32,97,6329,8,1,7,0
32,44,6977,3,2,9,0
11,34,974,3,1,8,0
10,25,5643,6,1,13,0
15,61,7880,8,0,7,0
17,48,3909,6,1,10,0
40,98,2511,0,0,9,0
18,112,2207,0,0,17,0
55,23,3653,3,1,3,0
25,101,1373,3,0,3,0
59,76,659,0,0,11,0
22,68,216,5,1,17,0
30,63,5069,9,2,28,0
44,99,7158,1,0,7,0
32,94,5163,4,0,2,0
51,33,3146,7,1,17,0
46,22,5764,2,0,6,0
21,81,143,8,1,0,0
32,83,608,6,2,21,0
39,64,6207,8,2,12,0
12,101,5384,0,1,28,0
47,77,3539,4,2,2,0
18,39,4028,2,1,28,0
21,77,5511,3,0,2,0
13,108,5044,3,2,14,0
21,76,6075,6,0,20,1
8,96,1016,9,0,29,1
46,87,3045,7,1,18,0
7,97,898,9,2,27,0
23,116,5071,4,2,3,0
22,111,1860,9,0,12,1
22,71,2433,6,0,12,1
29,56,3375,2,1,14,0
13,27,6927,2,2,18,0
2,63,7791,2,1,15,0
29,117,918,3,1,6,0
52,24,2268,5,1,2,0
27,88,5140,4,2,29,0
50,50,3835,7,1,25,0
23,64,7931,4,2,19,0
44,28,3165,4,1,1,0
22,51,3359,9,0,17,1
43,52,1006,1,1,24,0
37,86,4208,4,1,10,0
61,49,702,6,2,0,0
56,95,4395,1,0,15,0
3,48,2733,5,0,16,1
63,22,1891,6,2,15,0
19,109,3627,4,2,9,0
23,76,4643,8,0,16,1
29,49,1911,3,2,29,0
30,28,4011,9,0,2,0
39,45,940,0,1,17,0
25,21,3242,7,1,18,0
8,81,4785,7,0,13,1
58,22,5349,6,0,20,1
16,65,7132,7,1,24,0
1,87,2190,1,1,1,0
5,44,4715,2,0,11,0
3,70,1136,8,2,10,0
65,32,824,0,2,29,0
4,63,6866,7,0,16,1
64,54,1087,7,2,26,0
10,74,902,6,1,5,0
21,106,2682,4,1,18,0
46,28,6545,3,2,12,0
27,21,3937,9,0,6,0
66,80,626,9,1,21,0
41,60,1765,9,1,10,0
13,63,7840,9,1,6,0
9,83,1238,5,2,12,0
36,50,559,0,0,12,0
58,66,7075,4,2,20,0
54,21,2652,3,0,0,0
12,115,7575,3,0,29,0
14,101,5127,6,2,18,0
34,96,6182,8,1,18,0
53,88,4520,7,0,22,1
20,77,4774,7,2,14,0
16,63,2908,4,1,13,0
70,93,7442,5,0,28,1
56,75,2998,1,0,2,0
58,62,5733,2,1,26,0
4,108,3343,4,0,20,1
4,53,4168,1,2,19,0
20,49,7203,2,0,3,0
10,90,6745,3,0,28,0
24,89,6196,5,1,6,0
26,74,6577,4,2,0,0
37,86,2431,9,1,22,0
54,32,4670,3,2,23,0
21,22,5273,1,1,18,0
38,45,5677,4,0,2,0
46,76,5798,4,2,19,0
4,43,5639,6,2,14,0
60,72,3785,0,0,12,0
57,89,731,3,1,21,0
45,62,4898,4,2,13,0
20,79,2556,7,0,6,0
17,77,1081,7,0,0,0
71,68,5523,0,2,12,0
4,61,6154,4,2,3,0
14,95,4754,9,2,11,0
3,119,4417,0,0,6,0
58,85,1656,0,1,26,0
55,30,2305,1,1,1,0
4,117,4543,1,2,16,0
24,109,5378,8,0,0,0
34,37,5084,3,0,25,0
30,104,4055,2,2,13,0
19,119,1021,0,0,29,0
31,71,5454,1,0,21,0
60,65,6905,5,0,27,1
60,63,504,8,2,20,0
19,41,5476,4,2,0,0
49,72,4872,3,2,25,0
63,78,4784,4,1,2,0
22,113,1720,8,1,10,0
24,49,6801,6,2,6,0
30,27,3052,7,0,27,1
58,117,3218,3,0,24,0
31,76,7480,7,2,28,0
64,92,6722,5,0,8,0
19,39,6730,4,0,21,1
48,44,1694,6,1,2,0
45,38,665,5,0,0,0
55,24,7609,2,0,18,0
55,94,6767,4,2,25,0
18,98,4899,8,1,1,0
63,91,7770,6,1,26,0
47,102,7273,3,0,20,0
57,106,2968,6,2,23,0
45,46,7411,4,1,4,0
33,59,957,1,1,16,0
17,115,1384,5,0,18,1
70,45,684,6,1,27,0
4,46,6929,7,2,4,0
20,81,4427,5,2,22,0
47,102,6513,7,1,20,0
15,69,7183,6,2,13,0
70,61,7714,1,2,9,0
47,48,7117,5,0,20,1
9,58,1345,8,1,6,0
16,79,151,5,1,28,0
69,60,2263,3,0,7,0
61,52,637,6,0,29,1
10,102,7832,2,0,7,0
50,102,640,4,0,6,0
3,116,5238,0,2,12,0
70,35,914,9,2,13,0
51,42,1515,2,0,18,0
19,26,2938,7,1,10,0
42,45,1752,8,1,1,0
35,115,2765,8,1,16,0
46,31,4614,9,0,5,0
26,91,4162,1,2,28,0
69,24,2456,3,2,8,0
64,111,3910,4,2,18,0
37,88,963,2,2,4,0
49,68,285,0,1,8,0
21,45,4456,5,1,29,0
64,24,1651,9,2,29,0
5,41,5492,1,0,24,0
70,98,2307,8,2,6,0
4,32,7113,0,2,29,0
39,47,861,8,0,3,0
35,52,4419,6,2,26,0
1,42,1379,9,1,17,0
24,116,4375,1,0,17,0
57,37,6263,5,0,19,1
70,49,5843,7,2,16,0
41,45,4827,1,1,29,0
54,35,7973,4,1,3,0
46,96,7735,5,1,27,0
60,58,3794,2,2,29,0
60,52,3381,1,2,26,0
57,45,1636,5,1,21,0
31,67,6301,2,2,15,0
24,84,3264,1,1,21,0
36,57,7488,0,2,22,0
30,21,2870,7,0,4,0
24,25,2063,0,0,8,0
30,65,7499,4,2,1,0
7,69,3945,5,2,1,0
35,57,3535,2,1,3,0
55,107,4810,6,0,19,1
14,37,661,1,1,19,0
10,46,2521,6,2,16,0
16,60,4817,1,1,19,0
54,91,7723,4,1,27,0
70,111,2235,6,2,20,0
44,93,7287,2,0,24,0
45,36,5209,3,1,18,0
56,81,2161,0,2,2,0
57,48,2280,2,1,29,0
21,77,2060,8,2,4,0
68,89,3979,9,2,9,0
50,97,5253,4,2,5,0
33,41,7135,7,0,2,0
7,25,3379,1,0,16,0
70,45,3984,2,2,9,0
15,58,3370,6,0,23,1
32,31,4787,9,1,11,0
20,118,682,3,0,0,0
15,33,7422,8,0,17,1
48,41,1713,6,1,18,0
71,70,1201,0,1,21,0
21,42,7439,3,1,19,0
42,67,388,9,2,3,0
26,90,5764,5,1,14,0
14,69,3959,5,1,8,0
57,108,3160,9,1,5,0
37,32,3026,5,2,11,0
58,104,5639,4,0,17,1
21,29,4202,2,2,22,0
69,74,1283,1,0,14,0
3,28,4435,2,1,28,0
37,98,6182,8,2,18,0
49,71,1546,2,2,8,0
19,21,6779,2,0,21,0
12,44,1849,0,2,23,0
61,32,6313,1,2,12,0
41,117,2003,2,0,15,0
33,70,6459,1,2,12,0
50,77,3275,7,2,0,0
68,53,7994,5,1,17,0
71,54,1177,6,1,21,0
33,22,7049,0,1,2,0
24,78,2477,5,1,16,0
61,89,947,1,1,21,0
61,67,7470,5,2,4,0
28,83,5507,2,2,28,0
58,38,6288,6,1,24,0
43,86,2976,2,0,5,0
41,101,6441,8,1,20,0
39,92,1339,2,2,16,0
49,95,5700,6,0,16,1
17,24,1432,3,1,26,0
70,86,7139,7,0,0,0
70,30,3606,1,1,6,0
65,113,2479,7,2,21,0
5,87,4891,8,1,29,0
2,88,4222,7,0,15,1
22,20,3337,5,2,4,0
57,110,2465,9,1,15,0
66,111,7541,0,1,3,0
16,82,7650,6,1,10,0
51,48,2512,0,1,13,0
39,101,3274,6,2,28,0
40,31,5155,1,2,12,0
38,96,5722,7,1,26,0
60,60,6064,1,2,23,0
59,21,472,2,0,26,0
10,56,7883,2,2,7,0
64,64,2049,0,0,20,0
63,99,344,4,0,19,1
49,67,1940,4,2,14,0
64,43,7436,9,1,17,0
32,118,7895,4,2,6,0
7,41,5872,8,0,20,1
21,119,7685,5,0,18,1
20,30,3527,5,2,24,0
26,77,6721,2,0,8,0
68,65,224,4,2,10,0
15,48,4732,9,2,26,0
14,54,2853,6,1,9,0
27,34,2019,2,0,13,0
40,79,1735,1,2,15,0
58,114,1525,4,0,26,1
28,61,1640,2,2,7,0
26,62,630,4,2,0,0
63,99,7949,8,1,11,0
66,93,7029,9,2,2,0
25,68,4449,0,1,1,0
3,83,6364,3,0,15,0
44,51,3203,9,1,3,0
42,83,4856,4,1,1,0
6,21,1901,1,0,11,0
39,43,5256,1,1,26,0
52,106,7956,0,1,23,0
23,85,5561,7,2,16,0
50,57,1136,1,1,19,0
43,50,5402,2,2,20,0
19,45,3828,1,1,29,0
69,48,7532,3,0,9,0
51,86,6331,0,0,19,0
11,97,4111,2,1,7,0
12,44,7729,4,2,17,0
8,67,6289,9,1,24,0
24,84,3563,0,2,17,0
41,72,1242,3,1,17,0
36,86,7176,5,0,28,1
55,109,5750,3,0,1,0
9,37,7714,6,2,11,0
47,28,1855,6,1,9,0
15,57,6161,5,2,7,0
48,106,4940,8,0,18,1
42,40,1729,1,2,9,0
60,84,5162,9,1,10,0
70,40,862,7,2,13,0
12,46,7005,7,1,25,0
2,89,4989,9,1,14,0
7,63,4939,3,0,29,0
3,119,5265,5,1,23,0
3,47,4057,5,1,22,0
27,64,5727,4,1,9,0
40,36,657,0,2,3,0
33,59,6190,2,0,6,0
1,22,4721,6,2,10,0
8,95,6840,7,2,23,0
32,95,939,1,0,21,0
48,85,102,2,2,21,0
4,65,1151,3,2,2,0
70,105,1504,4,1,4,0
19,106,256,2,2,25,0
32,49,7098,4,0,1,0
9,88,2037,7,2,11,0
12,28,6150,7,1,20,0
11,104,610,1,2,4,0
46,30,3504,5,0,6,0
16,88,4882,3,1,3,0
1,118,1237,8,2,29,0
63,110,5608,9,0,10,0
21,85,5706,1,0,21,0
30,107,4014,7,2,8,0
13,50,3421,0,2,3,0
34,52,4766,5,1,26,0
4,58,814,9,2,29,0
28,113,5534,0,1,21,0
59,65,2386,1,2,28,0
27,56,7501,2,0,27,0
69,111,6546,8,0,8,0
25,79,2754,4,0,25,1
3,50,1090,9,0,11,1
68,30,7920,9,1,15,0
25,106,4529,1,0,0,0
20,21,2260,9,1,7,0
34,46,5840,4,1,0,0
26,118,4557,4,1,19,0
5,21,6076,0,2,18,0
61,40,7044,2,1,3,0
9,77,2244,4,2,13,0
50,24,6177,8,1,22,0
6,71,2163,9,2,28,0
60,64,2703,0,2,13,0
44,104,2077,7,0,8,0
11,112,475,0,1,8,0
66,39,841,8,2,25,0
47,80,4585,5,0,16,1
3,57,2767,0,1,14,0
30,39,1340,7,0,9,0
21,44,3570,4,2,16,0
28,21,7527,6,0,8,0
62,51,5019,6,0,3,0
33,45,2467,6,1,27,0
35,89,2343,5,2,28,0
52,60,3649,7,1,13,0
34,86,517,8,1,2,0
41,116,7742,1,0,28,0
51,20,706,6,2,24,0
47,70,667,1,1,20,0
58,24,643,5,2,11,0
57,32,6474,1,1,21,0
23,38,983,9,0,0,0
48,31,6764,5,1,0,0
22,67,4898,1,1,12,0
17,44,1323,0,1,13,0
69,76,2993,6,2,15,0
11,54,6916,2,0,6,0
15,95,5818,3,2,9,0
35,113,2168,5,1,14,0
33,24,7578,4,0,7,0
16,117,6831,3,2,10,0
34,41,7141,8,1,23,0
66,96,7920,5,0,13,1
40,76,3809,5,0,12,1
28,66,1886,1,1,22,0
47,73,5815,5,0,12,1
39,22,1557,6,0,26,1
70,72,6614,7,2,8,0
20,103,5779,7,0,16,1
1,50,2014,8,2,17,0
63,88,177,9,2,28,0
67,107,3713,2,2,18,0
4,52,1408,9,2,12,0
58,91,747,6,0,11,1
25,107,2287,6,0,28,1
47,69,652,0,2,20,0
38,103,5193,7,0,19,1
15,35,381,3,2,19,0
63,95,7829,4,2,7,0
21,96,1381,5,2,23,0
57,58,1946,2,1,10,0
53,108,5579,4,0,6,0
46,65,2587,9,0,0,0
14,115,6513,4,2,9,0
17,107,5353,0,0,14,0
39,66,2893,2,2,3,0
9,63,3811,2,0,0,0
6,28,4299,0,2,10,0
23,106,4961,6,2,29,0
59,69,6338,0,1,4,0
46,96,2876,6,2,18,0
38,79,1696,3,1,18,0
14,115,579,8,0,3,0
62,34,7023,6,0,1,0
35,55,3412,4,1,6,0
19,82,6256,6,0,27,1
30,88,3318,8,1,12,0
25,105,2063,9,0,19,1
40,99,6844,5,1,20,0
14,60,2242,0,1,11,0
26,93,3998,5,2,29,0
22,43,6536,0,0,1,0
48,101,2172,3,2,21,0
51,68,1395,7,1,8,0
3,37,5724,4,2,15,0
42,26,5385,4,1,7,0
19,23,1038,9,0,23,1
28,109,861,7,0,17,1
45,88,7354,7,0,3,0
71,79,4849,0,1,23,0
63,74,1769,4,2,10,0
19,35,7228,4,0,16,1
47,118,3962,7,1,7,0
14,109,2785,0,2,18,0
38,101,3999,6,1,7,0
53,48,6734,6,1,5,0
61,42,2031,8,0,22,1
36,33,7408,1,1,1,0
40,98,4039,2,1,14,0
30,68,1226,3,2,0,0
9,52,3397,0,0,5,0
64,44,6121,6,1,27,0
33,40,4770,9,1,18,0
52,36,6537,2,2,3,0
14,42,7139,2,1,12,0
53,76,5525,2,1,14,0
59,100,5473,7,1,8,0
41,77,1303,8,1,2,0
68,33,4235,9,1,1,0
68,112,7019,1,2,15,0
8,39,3872,9,1,17,0
2,49,619,9,1,17,0
41,38,5835,0,1,5,0
55,72,6789,8,1,17,0
16,75,2383,5,0,10,0
62,96,4658,8,0,6,0
48,101,5447,5,0,22,1
30,42,7967,1,0,22,0
12,81,6044,0,2,13,0
35,52,582,7,0,28,1
11,37,2577,2,2,17,0
64,92,3193,0,0,6,0
50,52,442,7,2,9,0
21,51,7307,0,0,7,0
69,80,5392,7,1,23,0
48,73,1562,0,0,13,0
20,36,1302,8,0,17,1
67,38,1721,8,0,4,0
44,110,6376,8,1,13,0
33,89,2498,2,2,21,0
61,118,3696,3,2,24,0
9,53,7807,4,1,21,0
68,103,6749,5,0,25,1
35,44,6327,8,0,21,1
65,87,5188,3,0,9,0
8,93,3635,5,2,25,0
45,93,2977,0,2,14,0
47,107,7104,1,1,5,0
40,104,2490,7,1,8,0
54,30,3451,3,2,9,0
46,110,3013,9,0,22,1
47,35,7530,6,0,16,1
15,109,1289,3,0,0,0
19,80,2440,8,0,13,1
26,113,3680,8,1,3,0
52,99,1703,3,1,27,0
22,26,3397,7,2,1,0
21,35,5389,5,1,2,0
51,118,697,0,0,27,0
38,35,744,6,2,6,0
20,59,4643,0,1,29,0
29,31,6933,2,1,22,0
51,54,7245,7,1,13,0
4,40,3002,8,1,11,0
55,69,6745,2,1,18,0
71,62,863,0,0,28,0
28,119,7794,0,0,17,0
4,36,4930,6,0,14,1
22,51,7646,4,1,28,0
45,60,7468,0,2,28,0
67,25,1742,5,0,0,0
66,107,2397,5,0,24,1
34,46,7676,3,1,25,0
55,39,4796,6,2,2,0
1,44,2272,6,0,24,1
38,85,2260,8,0,14,1
6,28,5176,0,2,3,0
25,111,7404,4,1,14,0
17,72,5978,9,2,9,0
61,80,7763,2,1,5,0
12,57,3849,6,0,12,1
6,22,6393,3,2,6,0
27,103,3022,3,2,25,0
8,89,6586,0,0,29,0
65,116,679,0,0,21,0
57,74,3904,9,1,0,0
40,20,4978,1,0,21,0
14,89,2468,1,0,10,0
35,64,7065,0,2,13,0
48,117,4032,7,1,5,0
56,66,4727,5,0,4,0
49,98,3460,5,2,18,0
13,45,5708,9,0,25,1
61,33,6735,9,0,18,1
49,73,4807,8,0,26,1
46,90,6495,4,0,25,1
62,65,6201,3,1,12,0
8,50,1200,5,2,6,0
43,107,1770,7,2,7,0
20,78,5611,0,0,13,0
39,114,5631,6,2,18,0
49,48,2320,7,0,18,1
64,115,5070,8,2,22,0
62,36,6444,7,1,25,0
54,33,316,6,1,11,0
9,55,475,2,2,22,0
37,77,7987,1,0,26,0
49,43,1709,2,0,8,0
41,82,4206,3,0,13,0
17,110,3939,3,0,5,0
21,44,7279,5,1,14,0
51,78,3039,6,0,12,1
59,51,4162,3,0,6,0
39,101,1713,9,0,10,0
55,37,6678,5,0,9,0
41,56,7951,8,1,0,0
39,45,3779,5,2,6,0
13,28,5013,2,2,17,0
64,118,7640,0,0,22,0
11,83,1396,9,0,2,0
19,91,7174,9,2,8,0
11,39,4096,4,1,28,0
46,73,4886,9,1,4,0
45,105,5795,9,1,22,0
1,102,5728,2,1,23,0
40,49,1255,7,1,12,0
19,72,7098,9,1,15,0
61,111,6143,0,1,15,0
12,118,4979,1,1,11,0
61,82,2466,2,1,17,0
33,30,2991,2,0,10,0
45,50,2072,7,1,16,0
69,68,6072,4,0,6,0
8,119,6864,7,2,14,0
25,113,884,5,0,5,0
46,106,7435,1,2,5,0
30,38,4592,3,0,17,0
47,31,7447,8,2,18,0
49,34,1181,3,0,19,0
47,50,5699,4,0,18,1
18,62,2133,4,2,1,0
66,56,1714,9,1,2,0
68,98,4655,7,1,13,0
33,48,6304,5,1,21,0
36,45,2516,9,1,24,0
19,21,7388,6,1,3,0
28,103,6962,5,0,21,1
40,34,4741,4,1,16,0
15,23,3753,4,0,27,1
41,105,7284,2,2,5,0
39,69,6739,6,1,27,0
2,57,596,9,1,18,0
63,42,604,4,1,8,0
29,78,7799,6,1,3,0
66,109,7212,1,0,6,0
51,94,3486,8,0,3,0
10,47,5288,7,0,10,0
14,85,7994,4,2,21,0
51,27,2308,1,0,29,0
39,48,5833,5,1,22,0
28,30,4913,7,2,1,0
3,37,3316,6,2,9,0
70,74,5788,7,1,5,0
27,69,3766,3,1,7,0
2,33,7236,2,1,14,0
38,93,1508,6,1,12,0
3,118,4464,1,0,28,0
16,28,4177,4,2,27,0
40,118,6142,6,1,21,0
2,30,1577,0,0,1,0
41,82,6942,3,1,19,0
12,95,5737,1,0,0,0
35,86,5060,5,1,14,0
65,72,2497,0,1,6,0
55,58,209,6,1,23,0
45,97,3654,2,0,25,0
62,75,6650,0,1,17,0
49,47,749,7,0,9,0
25,94,6294,6,0,14,1
23,58,7670,1,2,4,0
24,44,7830,6,0,26,1
38,40,1599,2,0,23,0
28,29,5306,8,0,10,0
21,62,7335,7,0,7,0
54,34,695,4,0,20,1
18,102,1078,6,2,7,0
36,67,7309,2,1,29,0
45,105,830,0,2,5,0
53,40,156,0,2,14,0
30,79,6981,1,1,14,0
60,115,2343,7,0,4,0
32,69,5979,0,1,12,0
67,42,1801,4,0,13,1
67,32,7329,8,1,10,0
28,88,1386,8,2,19,0
44,23,211,1,0,20,0
41,111,7008,6,2,11,0
63,97,4906,0,0,19,0
23,91,1301,2,1,0,0
48,28,1047,5,1,2,0
32,54,4221,8,1,7,0
57,40,6653,9,1,22,0
33,77,857,1,1,11,0
24,37,6774,6,2,14,0
39,116,5996,3,2,22,0
34,91,3488,1,0,26,0
56,100,5751,2,2,2,0
28,62,7373,5,0,24,1
37,114,6992,9,0,21,1
7,117,1941,8,2,7,0
68,25,3635,7,2,23,0
37,105,2393,9,0,18,1
56,97,1204,8,2,19,0
65,86,761,3,2,29,0
65,31,1008,3,2,5,0
47,119,6639,8,1,17,0
20,31,4717,7,1,27,0
19,85,1956,1,0,27,0
29,21,5955,7,2,10,0
60,34,7169,0,0,11,0
18,42,2411,8,2,22,0
35,48,7928,8,1,1,0
43,100,889,7,2,26,0
11,115,5493,4,2,4,0
49,26,5925,4,2,27,0
38,113,271,2,1,3,0
64,47,4460,4,1,8,0
69,33,2086,3,1,12,0
8,63,5245,0,0,12,0
34,49,5688,8,2,14,0
48,100,1985,9,1,1,0
56,51,575,3,0,22,0
65,89,6599,2,1,12,0
31,107,1149,5,2,6,0
4,25,4229,0,0,22,0
50,46,2411,4,1,16,0
69,101,1261,6,1,7,0
30,107,915,1,0,17,0
59,43,3866,9,0,14,1
67,53,3022,8,0,14,1
45,59,853,5,0,4,0
4,66,4761,1,0,1,0
26,98,561,7,1,15,0
27,94,3339,7,0,28,1
46,105,5850,0,0,4,0
64,43,2802,0,2,22,0
51,84,180,0,1,5,0
50,37,2904,3,2,28,0
6,63,6133,3,1,11,0
59,95,969,7,1,4,0
15,76,5626,0,1,19,0
30,47,7841,9,0,7,0
42,90,5265,2,2,10,0
37,42,4794,0,1,13,0
42,104,5830,8,1,23,0
35,53,906,9,1,16,0
6,30,2034,8,2,9,0
68,105,5272,6,1,1,0
18,54,7227,7,2,2,0
29,112,803,0,2,12,0
59,61,2623,4,0,16,1
47,47,2739,1,1,26,0
17,101,6259,0,1,2,0
22,97,7627,2,2,9,0
68,101,4682,6,2,27,0
69,111,4009,0,0,7,0
37,43,4901,1,1,3,0
49,27,5721,1,2,12,0
13,72,1264,3,1,28,0
34,91,719,2,1,6,0
53,23,3166,2,1,6,0
51,110,4972,9,2,15,0
3,119,546,4,1,26,0
42,24,2437,2,2,4,0
32,116,308,6,0,27,1
51,68,5694,4,0,16,1
46,117,2560,3,2,9,0
21,49,6920,2,1,3,0
44,91,5646,3,0,22,0
11,82,6073,1,0,13,0
68,66,3542,0,2,4,0
1,45,2811,2,2,1,0
63,76,2437,1,2,13,0
24,56,7699,0,2,23,0
13,117,1391,0,2,17,0
11,26,2298,1,2,26,0
51,59,5938,8,2,23,0
17,111,5474,4,1,28,0
24,58,7620,8,1,10,0
19,81,1500,7,1,15,0
37,111,5872,5,1,17,0
8,97,5050,0,0,26,0
28,72,5577,9,1,15,0
5,23,2755,4,0,20,1
17,101,4112,0,0,3,0
36,44,6613,6,0,0,0
19,26,7494,9,2,13,0
64,47,804,7,0,11,1
11,88,7570,7,0,23,1
54,86,925,6,0,9,0
45,114,1104,1,2,27,0
47,39,3560,4,1,18,0
12,102,476,3,1,28,0
21,30,1072,4,0,3,0
11,86,4313,9,0,19,1
5,106,3176,8,1,20,0
56,26,543,3,1,2,0
20,42,7619,7,1,24,0
41,80,854,7,1,3,0
46,90,3704,1,0,29,0
12,53,7931,5,0,25,1
70,38,4835,4,0,14,1
17,77,2271,1,1,10,0
19,28,2805,9,2,15,0
26,67,5496,3,1,26,0
48,101,7065,6,1,3,0
52,60,3565,0,2,5,0
70,67,2811,8,2,7,0
55,64,2507,9,1,12,0
33,44,722,0,2,22,0
62,97,5688,4,2,19,0
23,44,6204,6,2,3,0
15,38,5847,7,1,4,0
27,58,1823,1,1,9,0
64,98,7324,3,2,4,0
51,99,3422,1,0,11,0
53,46,2019,3,2,0,0
51,93,1018,5,2,28,0
47,82,5369,5,1,23,0
4,87,6695,1,0,9,0
7,38,5381,3,2,28,0
35,47,4315,3,0,4,0
48,104,681,0,1,18,0
45,97,6143,1,0,18,0
19,52,7618,2,1,19,0
63,29,6342,4,2,11,0
38,102,5386,7,1,22,0
67,49,3981,5,0,15,1
59,41,1786,2,0,4,0
69,22,4009,5,0,16,1
13,101,2099,6,2,13,0
47,94,6757,5,0,11,1
61,67,2811,9,0,12,1
31,21,500,5,0,20,1
22,95,6608,0,1,13,0
43,73,3748,2,0,4,0
67,25,5545,6,1,21,0
54,59,2728,3,0,29,0
10,112,1756,3,1,22,0
42,113,720,6,1,4,0
64,21,7071,8,2,28,0
21,92,346,1,2,26,0
66,21,6677,8,1,29,0
41,112,5312,2,1,17,0
24,116,3439,5,2,13,0
35,93,6858,3,1,17,0
56,117,7186,0,2,28,0
30,74,3110,8,2,19,0
57,91,4819,5,0,0,0
47,79,2468,7,0,6,0
35,116,4094,1,2,28,0
19,25,1939,6,2,16,0
8,38,3003,5,1,2,0
26,115,6305,1,2,9,0
71,46,4495,1,2,6,0
30,20,4598,3,0,26,0
7,52,7198,3,2,27,0
67,59,5867,2,1,11,0
65,51,7834,7,2,21,0
36,88,3791,6,0,14,1
25,36,7570,1,0,22,0
37,27,3941,2,0,20,0
1,76,4448,9,0,15,1
15,61,5953,8,2,7,0
37,117,6721,4,1,5,0
13,28,1492,1,1,27,0
8,106,3850,2,1,3,0
5,54,6160,7,2,29,0
60,90,4355,3,2,10,0
1,98,3108,1,2,16,0
36,72,7433,1,1,1,0
35,73,4400,5,2,27,0
66,103,3438,7,2,5,0
63,44,5357,6,0,3,0
23,86,5587,3,0,2,0
9,81,3614,1,1,6,0
34,74,5053,8,0,6,0
46,65,859,3,0,15,0
4,43,5786,8,0,1,0
30,117,2868,4,2,7,0
3,65,3188,6,0,14,1
14,41,2215,4,0,26,1
60,30,4328,1,0,15,0
45,67,1823,5,2,0,0
34,27,3066,6,1,26,0
45,58,529,5,2,9,0
61,54,2455,2,2,6,0
16,68,6893,9,0,15,1
66,65,5393,7,1,9,0
40,57,2559,2,0,11,0
17,27,4292,4,0,16,1
34,73,5902,8,1,12,0
16,56,5373,4,1,11,0
60,110,1818,6,2,14,0
66,111,1365,6,1,13,0
66,59,5523,4,2,18,0
13,53,1408,1,2,18,0
56,115,1150,4,0,25,1
31,98,3573,6,0,13,1
34,36,5579,6,0,17,1
39,52,7327,3,1,29,0
67,66,2349,0,1,25,0
8,71,2909,5,2,28,0
55,99,3021,2,2,4,0
27,112,4776,4,2,19,0
53,28,4141,3,1,28,0
39,52,2517,1,2,5,0
65,79,632,6,2,17,0
17,112,5371,4,1,13,0
30,96,5321,6,0,3,0
53,40,998,8,1,27,0
13,77,2754,3,2,22,0
21,104,1569,4,0,0,0
19,88,3020,8,1,12,0
53,29,1352,9,0,10,0
19,25,7392,3,0,2,0
57,32,869,4,2,16,0
25,84,933,4,1,17,0
31,39,7242,7,2,24,0
55,76,6100,3,1,9,0
23,65,7181,3,1,15,0
32,27,6479,6,1,20,0
62,29,2309,4,0,12,1
10,92,4749,5,0,19,1
54,86,7031,5,2,11,0
52,30,3524,5,1,3,0
20,31,1191,9,1,7,0
32,29,1296,4,0,11,1
14,44,4014,4,1,18,0
50,68,1760,8,2,14,0
28,68,7949,7,1,27,0
53,108,4754,3,1,15,0
24,30,360,6,0,11,1
22,81,2364,7,1,19,0
30,55,6036,8,2,17,0
63,58,5343,4,2,21,0
4,72,5000,2,2,11,0
59,109,1285,3,2,15,0
8,97,6444,9,0,24,1
12,75,7721,5,1,27,0
31,20,2549,9,0,19,1
34,75,3633,4,2,10,0
49,23,4470,8,1,21,0
57,49,4401,2,0,19,0
26,31,7307,1,1,13,0
18,54,3444,5,2,1,0
38,96,5919,6,2,12,0
50,71,966,4,1,13,0
8,50,192,0,1,5,0
41,106,5261,2,2,11,0
6,87,7732,2,0,6,0
69,71,6622,3,2,3,0
44,99,3278,9,1,27,0
64,26,1451,5,0,26,1
29,41,6308,4,2,6,0
28,112,464,0,1,12,0
11,94,5016,5,1,10,0
65,75,5703,8,1,7,0
19,116,3818,0,0,26,0
9,77,6225,7,0,18,1
27,112,2024,7,0,1,0
34,83,3195,2,0,20,0
44,31,6783,8,1,17,0
68,26,5281,7,1,25,0
15,74,2638,2,0,20,0
51,81,1396,9,0,9,0
13,109,2376,4,1,28,0
49,92,5239,2,2,5,0
70,117,102,4,2,23,0
56,96,3592,8,1,21,0
51,74,1853,3,0,3,0
37,55,1010,5,0,18,1
17,108,406,2,1,13,0
58,43,6675,2,2,13,0
29,63,4331,4,1,17,0
33,36,6128,7,1,28,0
60,21,4115,7,1,16,0
55,32,6758,2,0,17,0
10,50,6436,7,0,17,1
47,112,5804,7,0,4,0
23,47,1538,2,2,8,0
21,79,972,9,1,0,0
13,46,1241,9,1,3,0
33,34,765,1,2,25,0
24,114,308,9,0,6,0
11,98,1051,1,1,10,0
17,52,1157,8,2,13,0
68,39,4844,6,0,9,0
47,61,5537,5,0,18,1
25,31,6363,6,1,7,0
21,92,4822,7,0,2,0
12,42,4720,0,2,7,0
37,91,5800,7,0,28,1
42,115,4108,2,1,17,0
17,33,1968,2,2,4,0
48,110,4964,5,0,19,1
28,44,7356,3,0,10,0
41,96,6755,3,0,8,0
47,104,6290,3,2,18,0
18,50,871,9,0,11,1
71,73,4935,8,1,26,0
13,24,4130,7,2,4,0
13,32,7959,2,2,15,0
31,47,621,0,0,25,0
2,62,3455,0,2,24,0
16,108,1500,0,1,12,0
9,118,7905,3,2,5,0
38,66,6377,5,1,15,0
54,90,3838,3,0,17,0
56,57,4443,2,2,16,0
45,115,3823,7,1,11,0
34,86,5537,7,0,26,1
9,81,6679,5,1,0,0
8,58,3347,8,2,6,0
7,56,1958,9,2,13,0
36,105,4881,0,1,27,0
18,27,4164,7,0,17,1
3,100,4781,5,0,22,1
28,71,2498,0,0,0,0
70,110,242,3,0,19,0
44,52,5162,4,1,9,0
21,100,2951,6,2,14,0
28,61,3569,7,1,28,0
54,95,3795,8,2,10,0
54,46,817,5,2,3,0
65,27,742,9,1,14,0
21,42,3540,8,1,20,0
13,83,2648,3,0,29,0
57,112,3793,7,2,15,0
49,39,469,2,0,29,0
54,35,3750,3,0,25,0
10,36,7649,9,1,14,0
53,99,5305,3,0,16,0
44,38,886,5,0,22,1
47,27,6982,8,0,10,0
53,57,5679,5,1,17,0
46,57,1049,0,0,27,0
13,72,5544,4,0,15,1
37,112,621,8,1,26,0
24,119,6732,4,1,14,0
2,109,6148,5,1,28,0
14,50,6640,2,2,10,0
10,63,3043,7,1,12,0
35,79,454,9,2,17,0
25,95,5142,3,1,7,0
3,36,2435,3,1,8,0
17,98,1582,4,1,21,0
12,92,1747,9,2,10,0
54,58,3145,8,0,16,1
24,61,4731,7,1,0,0
29,67,5510,6,2,29,0
43,31,7094,4,1,10,0
25,115,7081,8,0,6,0
60,108,2315,8,2,7,0
65,37,5145,9,1,18,0
28,98,4816,9,1,24,0
16,115,527,1,1,3,0
47,25,5921,3,0,3,0
58,62,2637,7,2,18,0
27,54,6598,0,1,23,0
53,117,6439,4,1,8,0
42,73,644,7,2,16,0
59,81,2864,1,0,17,0
47,88,5019,1,0,0,0
34,101,7175,7,0,13,1
37,35,3865,9,0,3,0
6,27,5198,8,0,9,0
7,108,758,6,1,22,0
25,115,7182,7,1,13,0
33,109,2927,4,1,6,0
55,105,2158,0,2,11,0
58,50,7849,3,0,21,0
7,29,3427,1,2,28,0
57,75,6639,2,0,26,0
12,95,830,2,0,15,0
16,111,1932,8,2,4,0
43,89,508,9,1,10,0
7,39,6605,3,2,3,0
51,24,7526,1,1,27,0
32,42,7270,2,0,12,0
8,28,4279,2,1,29,0
45,77,6399,6,0,7,0
59,78,7930,7,0,6,0
4,112,3347,5,1,10,0
67,99,4902,3,0,10,0
29,73,6157,5,1,25,0
29,65,6715,0,2,16,0
28,41,6862,9,0,21,1
44,83,5643,7,0,13,1
4,27,233,0,2,1,0
9,39,4983,4,0,19,1
5,70,7150,1,2,20,0
56,97,5059,5,2,7,0
50,58,7647,8,0,21,1
15,56,766,4,2,26,0
32,69,376,3,2,1,0
28,53,3407,1,2,20,0
22,94,5971,2,0,14,0
17,52,981,5,2,4,0
59,50,2160,7,1,5,0
71,73,6585,7,1,16,0
57,63,2182,4,2,7,0
26,53,6802,4,1,18,0
25,90,1337,9,0,4,0
10,81,7679,2,2,22,0
45,42,2552,6,0,18,1
11,65,7761,5,1,13,0
53,75,6901,0,1,9,0
68,26,258,3,1,12,0
28,108,7199,5,1,21,0
65,80,7904,5,0,4,0
49,22,5329,2,2,6,0
47,57,2696,5,0,9,0
52,103,7793,9,2,10,0
54,53,7228,5,1,2,0
60,63,7614,8,1,12,0
57,49,3915,8,1,29,0
47,36,6047,1,1,1,0
31,78,7903,3,0,3,0
46,29,4474,8,2,2,0
26,118,2626,3,2,14,0
5,103,210,7,1,3,0
52,37,7903,9,0,22,1
54,64,6674,2,1,20,0
33,110,641,2,2,3,0
50,78,1238,8,2,29,0
38,81,7357,9,0,14,1
27,78,3383,7,2,5,0
15,68,7817,0,0,22,0
61,119,7862,9,1,27,0
21,82,3710,1,1,29,0
46,106,7996,2,0,26,0
69,51,4555,1,1,4,0
6,29,3657,2,0,11,0
38,30,2519,7,1,6,0
62,89,5434,5,1,2,0
62,81,1856,6,2,6,0
46,66,3186,9,2,11,0
13,53,5150,9,0,14,1
3,119,2406,5,1,18,0
6,36,7021,0,1,29,0
8,73,7730,2,1,5,0
44,95,6363,0,2,7,0
33,104,1075,9,0,28,1
50,59,5108,8,0,5,0
11,38,5347,8,0,25,1
28,86,822,4,1,26,0
70,101,2670,3,0,2,0
41,72,5907,8,2,27,0
16,83,7912,8,2,4,0
68,102,424,2,0,8,0
48,66,7587,4,1,23,0
56,25,1629,2,2,15,0
64,35,5745,9,2,21,0
59,91,5269,1,1,15,0
62,37,2045,0,1,8,0
11,71,5803,9,0,17,1
18,67,6312,1,2,12,0
19,62,4586,7,2,10,0
55,58,2530,7,0,24,1
26,68,4211,2,0,9,0
6,31,3610,6,2,28,0
4,29,945,6,2,9,0
29,90,5064,1,1,5,0
59,74,667,8,1,15,0
17,20,3788,2,2,24,0
43,68,2279,1,2,11,0
66,55,2119,2,1,3,0
34,40,7827,1,0,4,0
8,56,3419,7,0,1,0
13,43,2420,4,2,18,0
8,74,1746,2,2,0,0
65,44,4103,4,1,3,0
43,26,4009,7,2,11,0
39,100,3520,6,0,1,0
59,112,2631,5,1,11,0
44,113,6793,0,1,15,0
9,90,456,9,0,1,0
37,116,7585,0,0,16,0
36,90,5852,0,1,25,0
28,43,7315,9,2,27,0
42,30,3181,7,0,1,0
43,92,2380,7,1,3,0
42,31,4231,6,2,5,0
66,54,2560,5,2,28,0
55,82,7729,3,1,27,0
48,87,5223,0,0,22,0
22,119,6287,8,2,6,0
27,111,6811,0,0,22,0
67,76,7821,3,1,14,0
13,32,7522,2,0,19,0
45,42,2887,6,2,11,0
10,102,4309,4,1,4,0
9,58,5968,4,2,13,0
54,107,6640,3,2,15,0
27,99,1297,0,1,10,0
34,116,1378,4,1,11,0
1,31,565,3,0,18,0
32,53,4100,9,1,16,0
71,90,3448,7,0,29,1
67,94,1587,1,1,23,0
20,50,5042,7,2,25,0
35,112,4697,0,0,26,0
17,81,4636,3,1,6,0
18,32,6312,2,0,29,0
45,50,7776,4,0,8,0
53,21,425,4,0,13,1
68,34,1865,4,2,25,0
65,76,4262,3,1,19,0
1,94,403,7,1,11,0
58,53,5167,2,0,14,0
26,87,4679,3,1,11,0
20,94,5124,0,2,20,0
10,48,7815,6,0,20,1
59,85,1540,0,2,28,0
41,35,7426,1,2,22,0
5,58,248,6,1,12,0
65,96,7294,0,1,8,0
17,56,3134,2,0,23,0
22,100,2731,5,2,6,0
41,40,6491,5,1,29,0
68,63,5320,5,0,0,0
69,38,6945,1,0,27,0
11,90,195,1,1,9,0
56,27,3555,5,2,28,0
51,96,4477,9,0,5,0
21,85,2469,4,1,25,0
26,60,3567,6,0,14,1
19,94,7545,6,1,14,0
60,107,628,4,0,8,0
71,89,2410,7,2,12,0
47,80,5838,9,0,22,1
71,45,4775,5,1,0,0
26,90,1763,4,1,8,0
40,102,3464,3,1,2,0
5,89,2441,6,2,29,0
21,48,5827,3,1,8,0
4,85,6638,4,1,19,0
23,38,6756,4,2,24,0
15,87,7164,0,1,28,0
8,77,5005,0,1,14,0
41,89,7447,2,2,23,0
19,76,7163,2,0,6,0
46,56,792,1,1,3,0
28,80,4430,1,0,24,0
68,111,1051,5,2,19,0
15,49,6050,0,1,16,0
37,90,1460,5,1,21,0
1,92,5227,4,2,3,0
67,44,5662,5,1,25,0
24,116,6160,4,0,18,1
27,84,638,6,0,27,1
40,25,919,0,2,4,0
63,37,5877,2,1,15,0
61,29,3262,5,1,2,0
36,111,4025,0,2,10,0
24,30,371,6,0,24,1
24,116,1128,3,0,27,0
4,84,3765,2,2,21,0
67,96,6118,9,1,14,0
34,103,1342,8,0,18,1
57,84,1241,0,1,20,0
49,71,692,7,0,23,1
53,86,7219,0,1,13,0
23,101,1705,4,0,15,1
69,97,4310,9,1,23,0
53,50,6506,7,2,5,0
62,110,3477,5,0,4,0
41,36,5873,6,2,20,0
57,74,5641,7,0,16,1
60,112,4171,5,0,15,1
54,55,4402,5,0,1,0
70,45,3794,5,1,27,0
57,72,2450,4,0,10,0
10,36,4307,7,2,3,0
40,105,1540,1,1,5,0
7,44,3726,6,1,26,0
38,21,1982,3,0,6,0
61,105,7552,0,1,16,0
3,24,3811,4,0,7,0
51,23,284,2,2,27,0
47,55,5960,3,1,0,0
68,25,5096,6,1,24,0
38,40,320,4,2,14,0
36,96,5663,3,2,19,0
41,108,3288,0,0,11,0
69,45,1193,5,1,14,0
13,74,3045,9,2,22,0
58,58,7337,5,1,26,0
50,103,6865,6,2,29,0
30,52,2574,0,1,21,0
62,33,6887,3,2,14,0
25,75,2715,8,1,28,0
27,119,2112,9,0,8,0
51,100,2590,5,1,15,0
57,40,700,1,0,29,0
47,65,1260,3,0,1,0
39,35,4699,5,0,14,1
16,35,6374,3,1,14,0
22,103,4413,9,1,26,0
54,48,2835,6,0,6,0
21,111,2318,2,2,26,0
16,27,5694,5,1,20,0
59,107,4807,3,1,12,0
31,22,7235,2,1,22,0
42,108,1252,2,1,16,0
32,38,156,1,0,10,0
59,116,1304,2,2,26,0
34,85,4441,9,2,9,0
9,98,243,0,2,24,0
11,105,7318,2,2,0,0
10,93,467,8,0,13,1
17,101,1582,3,1,4,0
68,41,6461,2,1,29,0
48,65,715,7,0,7,0
52,110,3738,0,1,0,0
25,32,3428,4,0,6,0
21,52,6077,0,2,1,0
65,24,3327,6,0,6,0
63,109,1688,4,1,6,0
51,96,2589,1,1,8,0
36,46,7084,0,1,21,0
66,97,3103,6,2,3,0
15,43,798,0,0,22,0
39,86,5071,2,0,6,0
70,82,5881,5,1,19,0
1,113,2923,5,0,17,1
23,118,7005,6,1,12,0
39,67,1044,0,0,10,0
57,82,3981,6,2,8,0
34,97,1022,1,2,13,0
41,31,7178,5,0,7,0
13,47,1846,7,2,20,0
70,63,4220,4,2,13,0
6,112,2953,9,2,20,0
52,62,5883,2,1,16,0
3,36,1659,7,0,26,1
63,59,7007,7,0,24,1
49,68,1183,3,1,26,0
47,104,3638,7,1,13,0
55,76,533,4,2,25,0
64,106,3026,4,0,26,1
65,103,1189,2,1,23,0
67,83,3057,6,2,4,0
15,94,2712,8,0,9,0
32,76,6147,8,2,5,0
68,117,6349,0,0,27,0
18,93,4291,0,2,9,0
43,93,3859,9,0,10,0
35,89,7818,4,0,25,1
58,119,4363,0,0,23,0
33,107,2189,3,0,5,0
14,95,2002,0,2,9,0
34,62,6347,1,1,13,0
61,42,6064,1,0,19,0
4,46,7471,3,0,2,0
59,77,2667,7,0,6,0
29,56,2098,1,0,28,0
6,25,6525,8,2,1,0
49,84,3214,8,1,6,0
40,25,3094,1,1,16,0
65,69,5329,0,1,12,0
69,41,2110,9,2,25,0
27,107,7477,9,1,20,0
6,44,4944,8,2,8,0
13,98,1991,1,2,12,0
64,109,930,7,0,14,1
62,91,148,2,2,12,0
19,70,4310,0,1,16,0
43,107,1278,0,1,7,0
20,67,5868,9,1,8,0
68,89,6746,1,0,8,0
44,118,7946,6,0,7,0
23,84,7978,5,0,15,1
2,79,3133,1,2,19,0
22,65,170,3,1,29,0
57,55,7255,1,2,29,0
7,77,7786,0,2,6,0
56,95,7979,2,1,16,0
67,57,5555,3,0,6,0
16,30,166,9,1,5,0
51,31,5712,4,2,4,0
12,61,5869,4,2,16,0
53,58,1877,6,0,7,0
5,90,5162,9,2,25,0
27,30,7480,7,2,0,0
12,55,2328,8,1,15,0
17,71,1889,6,0,16,1
6,50,712,4,1,29,0
5,52,1986,8,1,2,0
57,32,1722,7,1,12,0
28,37,796,9,2,7,0
69,60,6846,8,2,15,0
59,77,6491,9,0,23,1
33,75,1337,7,2,29,0
62,43,2506,5,0,6,0
50,92,348,3,1,20,0
19,50,737,8,1,14,0
69,74,1049,8,2,23,0
66,29,2004,9,2,1,0
47,79,3687,9,0,23,1
39,21,1211,8,2,27,0
68,34,6906,9,2,26,0
33,22,275,2,2,1,0
13,62,822,2,1,9,0
54,50,6669,5,2,4,0
7,89,3942,5,2,26,0
14,86,3774,5,1,28,0
19,75,4966,4,1,3,0
54,82,2047,4,1,14,0
20,94,802,1,1,12,0
29,34,2228,6,2,16,0
24,111,1026,3,2,20,0
63,29,4333,2,2,22,0
57,57,3604,7,0,0,0
8,66,2617,3,1,17,0
62,76,2497,3,2,27,0
29,69,1249,7,2,14,0
17,90,6136,0,2,13,0
66,34,6087,8,1,8,0
6,37,3480,6,1,11,0
58,101,1978,1,1,4,0
69,107,1353,5,2,29,0
28,21,1583,7,1,28,0
62,103,5564,4,2,22,0
41,117,409,5,0,1,0
69,62,5239,9,1,22,0
41,45,4052,7,1,22,0
49,90,7828,5,2,6,0
49,57,3149,8,1,20,0
71,113,5866,8,1,8,0
3,61,1664,8,2,17,0
10,24,5779,5,2,3,0
35,30,1600,8,2,1,0
2,84,6512,2,0,23,0
24,53,7270,4,2,27,0
38,20,4965,1,1,26,0
22,102,115,7,0,0,0
26,21,705,3,2,24,0
43,104,1481,5,0,11,1
55,39,7913,5,0,12,1
39,80,5008,4,1,13,0
29,106,7400,0,0,4,0
20,40,3483,6,2,26,0
41,107,6186,9,0,27,1
54,87,6725,7,0,2,0
20,31,994,0,1,27,0
19,41,1667,9,1,26,0
66,39,7572,6,2,3,0
30,101,6512,3,1,16,0
53,20,513,5,2,18,0
34,49,4220,8,2,10,0
22,116,2104,4,1,7,0
67,43,415,7,0,11,1
6,33,4766,4,1,17,0
27,55,4920,1,0,17,0
10,88,7935,3,0,8,0
48,94,3155,1,2,4,0
70,43,1949,6,2,20,0
59,79,5495,6,1,16,0
59,114,2053,2,0,12,0
2,74,488,6,1,5,0
29,96,2869,0,2,23,0
68,99,4639,0,0,21,0
65,43,3146,8,1,13,0
26,96,7694,5,1,14,0
10,43,7324,4,2,22,0
53,73,6940,5,2,13,0
59,45,5166,5,2,3,0
22,85,7833,0,2,17,0
51,99,6964,4,1,0,0
48,57,2515,8,2,11,0
21,84,6160,3,2,21,0
22,94,2489,2,1,8,0
30,70,6024,0,1,9,0
25,54,403,1,0,20,0
28,62,863,2,1,27,0
65,48,7641,3,0,17,0
45,56,2073,6,2,16,0
68,100,915,5,0,18,1
7,77,6355,7,0,3,0
49,73,977,8,2,15,0
9,58,7273,5,2,6,0
36,61,7173,6,2,8,0
1,47,4898,3,0,7,0
10,48,7089,1,1,24,0
36,62,5139,8,1,6,0
46,22,2426,8,1,9,0
32,29,2529,3,2,7,0
32,78,2160,2,2,23,0
6,33,4498,9,1,16,0
48,95,1679,5,2,11,0
38,66,7884,2,0,13,0
17,61,4355,0,0,11,0
27,113,2301,3,2,24,0
54,51,6997,0,1,1,0
50,51,6424,1,1,11,0
35,61,3697,2,0,26,0
25,51,1303,7,2,13,0
28,45,2524,9,1,6,0
15,20,3975,3,1,28,0
4,75,2923,3,2,25,0
27,21,5387,9,2,25,0
26,100,3385,8,1,12,0
19,49,5369,6,2,20,0
17,90,2163,1,2,3,0
43,71,5310,2,2,0,0
41,110,5339,3,1,16,0
42,28,2079,3,0,2,0
50,41,4448,9,2,29,0
40,53,3231,7,1,16,0
39,68,7533,9,0,7,0
23,20,5628,9,1,2,0
52,92,6274,5,1,26,0
47,103,3192,2,1,9,0
63,72,4926,8,0,1,0
69,102,3764,9,1,21,0
43,119,2436,7,0,3,0
48,59,3714,8,2,28,0
34,64,597,4,0,28,1
40,87,3917,2,1,13,0
61,28,7741,3,0,10,0
50,41,5624,4,1,13,0
67,37,4743,8,2,12,0
62,95,5156,8,0,26,1
58,62,231,2,2,28,0
33,58,5543,6,0,3,0
16,92,957,5,1,1,0
48,25,5351,3,0,1,0
10,102,6228,4,2,10,0
38,67,620,9,0,21,1
19,26,129,1,2,4,0
36,99,6870,6,2,8,0
59,88,7568,3,1,19,0
63,35,6247,1,0,20,0
46,20,3496,5,2,16,0
3,56,4704,1,1,11,0
65,102,1360,9,1,27,0
8,56,1658,1,1,17,0
51,100,115,6,2,2,0
6,83,3705,0,0,4,0
39,109,5192,6,2,27,0
60,105,1707,9,1,20,0
28,81,6035,4,2,19,0
54,91,3617,0,2,13,0
37,80,2116,5,1,15,0
9,52,3674,6,0,25,1
56,85,7199,0,1,18,0
59,49,5449,8,1,8,0
2,39,7374,6,2,16,0
61,79,1843,0,1,21,0
58,101,7656,2,2,6,0
60,93,3891,4,1,9,0
40,43,6506,3,1,3,0
36,23,3734,1,0,9,0
37,56,1188,0,1,2,0
18,23,6508,3,0,23,0
63,96,1461,6,1,8,0
22,108,3472,3,1,12,0
11,96,4573,8,1,0,0
58,37,5394,7,0,14,1
57,107,7206,7,2,14,0
4,85,7419,4,0,10,0
7,67,575,0,1,27,0
61,52,1389,8,2,9,0
54,77,428,1,1,24,0
68,102,4144,5,0,6,0
1,92,1939,9,0,0,0
55,47,1286,4,2,6,0
3,54,4633,9,0,4,0
38,29,3514,7,1,25,0
1,84,5586,2,2,28,0
38,61,3636,5,1,28,0
29,104,1873,5,2,22,0
5,28,5418,9,2,15,0
21,79,5719,2,1,27,0
71,34,2163,6,0,24,1
67,118,1944,3,1,7,0
47,76,5515,4,0,21,1
35,88,5063,8,0,1,0
68,41,2658,5,1,7,0
69,83,6007,9,2,27,0
1,60,5179,3,1,13,0
68,106,1362,7,2,3,0
12,90,6824,8,0,23,1
60,75,5520,9,2,14,0
27,42,6249,4,1,6,0
56,44,3391,1,2,19,0
23,110,1118,5,0,7,0
25,25,1889,7,0,26,1
21,53,3624,4,2,10,0
61,82,3604,0,0,27,0
63,28,906,7,0,26,1
52,79,6089,8,2,1,0
25,68,5605,0,0,8,0
55,116,2766,7,2,5,0
46,70,5514,9,2,22,0
32,79,5337,1,0,25,0
55,89,504,3,2,0,0
5,56,7947,1,0,2,0
36,50,7240,1,0,29,0
49,117,5982,9,0,9,0
58,60,693,2,1,4,0
39,81,6809,7,0,11,1
61,112,6995,3,2,22,0
9,77,4049,6,2,0,0
6,33,4207,9,2,8,0
35,55,3380,2,1,20,0
39,55,2312,9,1,12,0
22,98,7121,2,2,27,0
41,27,5513,1,2,18,0
5,45,1642,5,1,6,0
42,55,6321,5,2,25,0
67,67,7701,0,0,15,0
30,104,7844,6,0,7,0
57,47,713,3,2,25,0
29,87,6182,2,0,25,0
37,81,968,7,2,18,0
13,99,911,1,1,6,0
32,105,1922,8,2,22,0
46,95,7950,7,1,3,0
23,99,7344,7,0,9,0
45,70,7315,2,0,24,0
17,61,4962,3,0,0,0
66,48,4277,1,2,16,0
6,101,1844,1,1,20,0
18,29,2356,3,1,12,0
22,58,7712,5,0,18,1
33,101,4142,4,0,25,1
30,20,3767,0,1,12,0
32,58,621,9,2,8,0
42,40,7296,0,0,4,0
10,84,5523,5,2,22,0
36,34,5189,2,0,0,0
34,23,6708,2,0,1,0
28,79,1625,6,2,10,0
11,80,1569,0,2,27,0
39,39,2775,0,2,3,0
47,29,1613,9,2,8,0
19,106,4976,2,1,4,0
15,53,1551,7,1,4,0
28,67,4754,0,0,24,0
24,52,3530,9,0,7,0
9,117,3107,3,0,1,0
47,80,6334,8,1,6,0
33,29,6233,3,2,16,0
62,73,3224,9,0,25,1
19,103,1853,7,1,26,0
67,84,5055,6,0,10,0
40,96,1712,2,1,14,0
47,20,3375,6,2,24,0
65,24,655,6,1,2,0
29,99,4351,9,2,12,0
50,34,2149,2,0,17,0
13,47,5576,1,2,19,0
1,114,924,8,1,19,0
34,42,5788,0,0,2,0
48,36,2949,6,0,1,0
48,117,3130,3,1,4,0
49,32,1181,1,2,19,0
64,33,3425,1,1,4,0
61,30,5399,7,2,12,0
29,47,592,6,2,27,0
39,61,4864,6,0,27,1
26,115,7302,4,2,7,0
17,118,174,9,0,26,1
71,80,3091,7,1,15,0
13,83,3460,1,1,17,0
69,50,470,1,0,24,0
26,100,4782,4,0,25,1
49,92,428,0,2,15,0
67,29,4785,5,0,0,0
7,27,1890,3,1,7,0
58,40,876,5,0,27,1
49,96,2122,6,0,20,1
53,78,6547,2,0,1,0
65,69,4774,7,2,23,0
62,88,4416,6,0,4,0
17,89,7222,0,2,25,0
43,49,1287,5,2,14,0
25,114,1603,6,0,13,1
3,36,7722,3,2,25,0
29,94,6618,1,0,28,0
32,39,3391,9,1,29,0
26,67,5903,8,1,2,0
16,92,3425,6,2,6,0
25,21,5941,0,1,3,0
54,56,287,7,0,10,0
28,20,1314,2,2,26,0
56,23,7656,3,0,25,0
65,119,3386,4,2,11,0
41,73,3546,0,2,14,0
51,44,1209,5,2,5,0
71,22,2621,9,2,25,0
29,28,7885,5,1,23,0
19,105,5039,1,1,0,0
66,106,3979,9,1,17,0
41,95,630,5,2,13,0
45,93,1170,7,1,28,0
15,53,3236,5,2,23,0
3,62,1062,3,1,6,0
11,93,6718,3,2,9,0
53,113,5365,8,1,8,0
46,41,7189,5,1,1,0
30,89,1505,7,1,7,0
57,21,3237,7,2,21,0
18,113,616,6,2,0,0
51,85,3264,2,1,19,0
48,51,6084,9,2,29,0
66,35,6669,0,0,1,0
8,95,1591,4,1,6,0
22,20,5313,9,1,24,0
6,91,3789,9,0,15,1
57,67,4328,1,2,21,0
36,69,7701,9,2,3,0
57,32,7608,1,2,20,0
49,34,4509,6,1,26,0
45,72,690,2,1,16,0
66,63,7479,7,1,28,0
45,27,1643,8,1,3,0
20,93,3156,7,1,28,0
64,65,2306,5,2,25,0
67,88,3439,4,0,2,0
3,38,2808,2,2,8,0
54,57,6081,2,2,21,0
64,30,4129,6,1,14,0
40,62,5822,4,0,19,1
59,39,847,5,0,2,0
55,39,5693,5,2,11,0
62,40,900,8,0,14,1
4,101,6653,0,2,28,0
60,76,1597,7,2,19,0
30,69,1479,9,2,7,0
2,93,779,4,2,11,0
62,117,7460,5,1,20,0
49,45,3870,5,0,12,1
9,49,3442,0,1,14,0
31,92,6357,2,1,10,0
61,50,996,5,1,16,0
48,61,1646,8,2,20,0
25,87,3226,5,2,23,0
36,80,5989,5,1,26,0
8,80,6308,0,1,11,0
58,89,783,8,0,19,1
45,97,1395,3,1,29,0
62,87,7769,1,2,17,0
39,109,5881,0,1,28,0
58,36,1485,2,0,15,0
64,38,6389,2,0,2,0
44,70,1042,4,1,29,0
29,89,3380,0,0,26,0
59,82,5505,6,0,8,0
71,112,1133,0,2,29,0
9,94,2886,3,0,6,0
6,99,2333,5,0,18,1
29,49,3745,0,1,4,0
58,44,1720,6,2,18,0
17,94,3635,9,0,9,0
16,90,3305,6,1,19,0
3,45,2982,2,1,11,0
21,75,5004,3,1,7,0
64,41,270,5,1,29,0
36,108,6456,6,1,2,0
62,38,1653,3,1,18,0
42,50,3997,9,0,26,1
42,45,7769,8,2,10,0
61,61,1695,8,2,7,0
13,60,1723,8,1,25,0
11,119,4222,9,1,12,0
54,42,5209,5,2,25,0
16,66,1191,1,0,22,0
8,32,2937,1,1,22,0
59,108,507,3,2,9,0
57,85,7819,8,2,17,0
40,85,5328,2,1,11,0
59,35,4269,5,2,6,0
2,92,6821,1,0,25,0
10,47,779,0,2,10,0
44,96,7529,4,1,9,0
11,54,5587,7,1,2,0
2,60,7029,9,2,29,0
50,96,5044,9,2,6,0
12,50,5065,1,1,28,0
23,104,336,9,0,3,0
18,51,2874,8,2,28,0
62,73,3537,7,0,7,0
62,117,3457,2,0,7,0
38,91,6621,0,1,5,0
67,78,6904,3,1,12,0
38,60,2977,7,1,11,0
67,85,5101,2,0,2,0
61,115,2523,9,1,5,0
1,73,4814,1,1,21,0
45,59,6896,6,0,18,1
28,47,3247,3,0,10,0
21,56,1132,5,0,3,0
13,84,6439,4,0,14,1
27,93,2954,1,2,1,0
7,74,3040,9,1,14,0
22,23,3801,1,2,16,0
53,118,5509,8,0,1,0
4,29,4170,9,0,6,0
23,66,3232,1,0,25,0
70,94,7180,7,0,15,1
33,33,3560,7,0,4,0
28,57,5042,0,1,15,0
8,31,7061,0,2,24,0
1,64,2023,3,2,18,0
37,36,7830,1,1,1,0
63,99,6807,0,1,14,0
22,54,733,8,1,3,0
70,85,6922,2,2,1,0
21,94,5213,0,2,26,0
35,60,4203,1,0,22,0
5,86,1492,7,2,9,0
60,48,5264,4,2,21,0
46,37,6587,6,1,23,0
50,39,5976,5,2,28,0
48,33,7039,0,0,4,0
6,53,3546,5,2,17,0
56,68,5838,6,1,28,0
59,73,3198,3,1,3,0
29,50,5412,7,0,0,0
71,77,5044,7,0,17,1
18,61,5576,6,2,19,0
2,77,161,1,0,5,0
8,101,5281,5,0,19,1
54,49,2569,5,1,19,0
38,44,1917,6,1,13,0
48,82,732,5,2,26,0
27,38,4987,1,2,25,0
20,91,2698,7,2,9,0
12,111,3551,3,2,17,0
43,27,1400,8,1,8,0
61,114,2753,7,2,11,0
31,22,1554,2,2,9,0
61,86,1238,2,0,23,0
67,105,5907,7,2,23,0
35,100,3292,1,0,20,0
15,119,4720,8,1,18,0
16,36,6216,3,2,5,0
13,33,5094,5,0,13,1
35,28,7683,2,2,24,0
59,81,2310,2,0,7,0
21,113,4982,2,2,22,0
54,40,7153,9,1,13,0
30,95,3859,1,1,10,0
48,56,3129,7,0,23,1
35,115,1460,8,0,15,1
38,30,2526,7,1,19,0
31,39,7591,9,2,5,0
24,54,4368,2,0,14,0
49,72,5195,6,1,14,0
32,66,6006,9,0,13,1
55,94,163,1,1,20,0
58,71,7368,3,1,11,0
3,27,1445,5,0,1,0
69,23,1074,4,0,7,0
10,46,4261,8,1,18,0
25,63,6062,9,2,13,0
68,59,3728,3,1,4,0
61,66,1722,4,2,23,0
29,113,557,3,2,26,0
19,63,5798,7,2,8,0
43,67,6696,7,0,12,1
66,110,3430,2,1,8,0
61,104,6153,0,1,13,0
43,71,1840,5,2,4,0
25,103,5645,1,2,1,0
20,87,3126,1,2,6,0
48,30,6155,2,1,15,0
24,96,6421,7,2,10,0
11,92,2054,2,1,10,0
55,23,379,6,1,22,0
28,95,2491,9,0,11,1
69,92,1140,9,2,12,0
63,96,6539,8,2,7,0
59,67,6445,7,2,23,0
5,45,1061,0,0,15,0
51,96,6927,6,2,20,0
21,58,6138,6,1,0,0
12,111,3945,7,2,12,0
50,77,1317,9,1,10,0
4,38,3320,4,1,28,0
42,107,474,9,1,3,0
38,102,6107,8,1,3,0
25,96,4230,8,2,14,0
14,96,1492,7,0,26,1
32,77,2176,5,0,2,0
11,47,874,5,1,23,0
61,85,4416,0,2,18,0
18,29,6296,5,0,28,1
27,105,7034,3,2,20,0
55,96,3524,3,0,1,0
54,77,7659,1,1,5,0
21,92,2223,3,1,21,0
44,116,4689,4,1,23,0
5,33,5907,4,0,7,0
41,103,3693,4,2,16,0
59,34,6360,3,1,4,0
54,115,379,0,2,1,0
22,52,7997,9,2,25,0
65,36,7442,7,1,11,0
64,43,4941,2,0,4,0
71,49,7192,1,1,9,0
4,81,2911,8,1,27,0
65,32,2442,6,0,8,0
15,81,7261,8,2,19,0
22,66,1574,1,0,7,0
47,35,1957,8,0,0,0
46,85,5737,9,1,23,0
14,100,7288,8,0,5,0
50,115,5292,8,0,23,1
20,62,2989,9,0,21,1
50,27,1159,9,2,10,0
33,22,7774,3,2,2,0
59,31,2022,9,1,27,0
43,103,7500,2,1,14,0
12,35,3899,5,2,10,0
40,97,6201,2,0,23,0
20,99,4692,8,1,4,0
38,78,6449,2,1,27,0
3,68,2573,1,0,25,0
28,82,4239,7,0,15,1
56,81,7358,5,0,20,1
13,68,1951,7,0,27,1
66,70,3641,6,0,6,0
37,52,6848,2,2,5,0
49,49,7734,7,0,8,0
66,78,4649,9,1,6,0
36,95,694,0,2,2,0
54,34,5552,0,1,10,0
26,101,606,9,0,26,1
40,111,4989,7,1,11,0
43,42,7737,8,0,20,1
22,97,120,9,1,24,0
20,113,7495,5,1,10,0
8,116,1499,4,0,28,1
29,64,3301,1,1,25,0
40,81,7954,8,2,29,0
30,98,6863,5,1,1,0
55,90,2561,7,2,0,0
16,34,5290,8,2,26,0
46,65,5623,8,1,23,0
62,83,5781,7,2,23,0
7,65,3778,9,2,1,0
45,75,6010,7,1,13,0
59,63,5616,2,0,12,0
56,94,436,2,0,23,0
48,48,1767,1,2,4,0
27,114,3676,0,2,1,0
53,81,1009,3,0,22,0
35,108,375,1,2,22,0
51,71,991,1,0,18,0
37,73,112,4,1,29,0
57,107,5222,3,2,16,0
8,76,4157,0,1,10,0
20,102,3125,8,0,15,1
53,85,7491,3,0,19,0
12,41,1073,4,1,17,0
49,39,4370,6,2,19,0
17,52,4070,1,1,7,0
64,91,1508,7,1,1,0
42,44,5821,1,2,16,0
29,65,2043,9,0,10,0
19,92,2388,4,1,13,0
11,117,646,1,1,15,0
50,76,6257,1,0,14,0
71,106,1318,3,1,14,0
58,24,1520,3,0,2,0
34,74,1554,7,2,25,0
20,80,3477,5,0,6,0
50,108,7601,9,0,28,1
10,27,2872,7,1,11,0
32,35,5629,6,0,21,1
52,67,4198,9,0,21,1
15,80,2838,3,1,22,0
3,34,7819,1,0,23,0
37,84,7719,8,1,2,0
40,41,3847,1,2,18,0
40,22,1942,0,0,9,0
56,73,846,7,2,28,0
23,33,2916,9,0,7,0
11,55,971,8,0,15,1
64,101,594,0,2,15,0
8,101,6660,6,2,11,0
56,86,5610,1,1,28,0
60,29,3544,5,1,29,0
10,68,4823,4,2,28,0
39,84,1175,0,0,22,0
28,110,7643,1,1,25,0
49,76,7662,1,0,4,0
36,46,4094,9,1,19,0
13,94,7264,9,1,5,0
36,24,4337,5,1,24,0
26,90,7353,0,2,5,0
4,102,5683,3,0,7,0
64,76,145,9,2,16,0
38,112,7087,4,1,11,0
22,34,3156,1,2,29,0
2,118,7505,1,2,21,0
31,95,2157,6,2,29,0
11,49,763,6,0,13,1
46,39,4768,5,2,1,0
62,56,2129,0,2,18,0
69,22,5749,2,2,5,0
64,92,5817,8,2,17,0
10,60,2796,9,2,3,0
40,58,5108,0,2,21,0
24,45,739,1,2,4,0
44,21,2763,7,1,5,0
60,42,2845,6,2,14,0
62,42,5104,8,2,5,0
17,104,6421,9,0,7,0
65,35,5064,3,1,8,0
57,28,5225,3,2,20,0
55,32,5048,6,0,21,1
53,47,4502,0,2,5,0
56,46,2695,9,2,21,0
9,70,6570,8,2,1,0
22,83,3527,1,2,15,0
13,71,6012,0,2,19,0
48,100,494,6,0,0,0
18,57,6543,5,2,29,0
40,119,3697,2,0,27,0
17,84,4944,0,2,15,0
15,37,2432,4,0,0,0
15,82,429,9,1,0,0
63,70,2197,3,2,6,0
39,28,6227,4,1,15,0
13,32,872,0,1,16,0
32,59,1745,0,1,15,0
9,74,1832,4,2,15,0
40,98,4573,5,1,5,0
20,62,1887,4,0,17,1
63,63,1723,1,2,21,0
44,87,1099,8,1,21,0
38,52,1948,4,2,27,0
60,43,1661,4,1,26,0
71,55,873,9,0,2,0
48,29,7411,8,2,7,0
18,119,5279,2,2,26,0
16,39,7111,4,1,3,0
55,94,1903,4,0,28,1
39,31,1198,1,2,22,0
68,81,2150,3,1,3,0
59,37,1698,1,0,16,0
62,113,847,4,0,21,1
13,82,5667,9,0,4,0
6,103,5960,1,0,24,0
60,44,4073,9,2,13,0
14,31,2422,8,2,29,0
54,40,1653,9,0,14,1
4,44,1715,5,1,24,0
39,30,6458,7,1,11,0
25,83,3854,8,0,26,1
32,92,5704,7,0,12,1
59,69,4524,4,1,23,0
63,81,2402,4,0,22,1
38,108,5606,5,0,29,1
53,118,4321,0,2,17,0
67,115,4962,7,2,13,0
28,68,3755,1,0,23,0
3,33,5769,5,0,18,1
22,20,3495,8,2,21,0
38,100,5423,2,0,25,0
62,44,5391,1,2,6,0
57,78,5954,9,2,27,0
6,91,316,4,1,5,0
32,88,3416,8,2,4,0
10,24,1459,5,1,3,0
3,118,3874,7,1,17,0
59,38,5517,7,2,24,0
49,42,5027,6,0,13,1
59,28,4377,4,2,15,0
31,113,4529,1,1,22,0
69,69,4706,9,2,22,0
62,35,4578,9,2,19,0
52,52,7984,4,1,13,0
41,21,1996,6,2,4,0
31,33,7466,6,2,21,0
22,20,4527,1,1,27,0
4,109,5384,6,0,10,0
13,77,5461,5,1,11,0
45,108,999,6,1,17,0
42,35,741,7,2,3,0
49,98,5446,3,1,12,0
20,109,4829,0,2,19,0
54,66,3727,7,2,27,0
36,63,6694,7,2,12,0
1,99,295,2,1,3,0
15,33,1993,2,1,22,0
17,112,3375,4,2,28,0
24,43,4150,2,0,22,0
58,74,4653,4,0,6,0
23,34,5025,7,1,22,0
46,102,2404,0,2,1,0
8,91,3700,1,2,20,0
59,53,3443,1,1,25,0
59,21,2156,3,0,17,0
13,46,2908,8,1,20,0
39,93,7192,1,1,27,0
28,118,1324,8,2,5,0
61,106,7326,6,1,15,0
16,91,986,9,0,2,0
2,111,492,7,1,21,0
17,42,1775,0,2,14,0
30,87,3290,4,0,20,1
13,33,7820,8,2,19,0
13,82,2546,3,1,9,0
43,112,4005,1,1,8,0
21,84,6574,5,1,10,0
55,87,3438,1,2,13,0
40,82,3691,2,1,23,0
15,115,3866,7,0,11,1
52,116,2627,2,0,6,0
53,109,2281,1,2,10,0
52,100,3864,5,2,16,0
30,106,5111,2,2,24,0
33,83,5130,0,1,8,0
57,51,454,2,0,21,0
52,98,2731,5,0,22,1
9,32,1621,2,0,12,0
54,85,2772,8,2,15,0
1,38,3278,6,2,2,0
44,43,2437,4,1,4,0
9,107,7068,1,2,22,0
32,30,728,8,0,16,1
15,78,7262,4,1,27,0
12,105,2779,6,2,0,0
57,34,5366,8,2,20,0
8,29,4522,3,0,8,0
27,60,1538,8,1,22,0
62,46,6453,0,2,16,0
12,79,7563,5,2,28,0
65,92,1521,1,1,12,0
42,71,1226,7,1,14,0
62,47,2783,4,2,27,0
11,84,1880,2,2,20,0
43,36,1631,1,0,7,0
17,114,2014,7,1,7,0
32,63,7111,6,2,27,0
40,29,1332,8,2,1,0
23,82,2056,7,2,22,0
56,112,6671,3,2,9,0
6,101,492,1,0,4,0
50,66,925,1,1,15,0
37,57,3063,1,2,24,0
64,89,7376,5,1,18,0
54,95,6108,6,1,0,0
49,72,2495,5,2,12,0
11,97,4245,1,2,3,0
49,63,7159,3,2,6,0
21,93,7372,2,0,0,0
66,73,7687,3,2,1,0
63,39,5592,4,1,15,0
28,98,5246,6,1,13,0
17,50,7211,8,0,4,0
6,26,4995,1,2,24,0
19,77,1892,7,2,13,0
56,29,7540,2,0,16,0
28,29,3164,8,0,11,1
66,58,6892,9,2,19,0
38,47,1463,3,2,11,0
37,49,2448,2,1,29,0
68,56,3651,9,2,2,0
49,86,7811,5,2,29,0
43,62,3728,9,1,20,0
36,98,3436,8,1,20,0
58,104,1665,6,1,25,0
13,71,3767,3,1,1,0
52,75,2313,2,0,20,0
58,95,6559,9,1,24,0
32,87,4196,3,0,20,0
60,28,1119,2,1,14,0
58,111,1384,2,1,10,0
56,42,162,8,1,9,0
28,82,2630,3,2,17,0
1,80,7943,8,0,22,1
42,59,3492,9,1,21,0
48,63,6065,4,2,22,0
40,105,3372,6,0,23,1
63,43,2369,4,0,25,1
4,70,4347,0,2,20,0
38,77,743,1,0,1,0
27,109,4821,4,2,6,0
9,113,7729,5,1,6,0
16,52,316,6,2,23,0
56,35,295,1,0,6,0
31,41,3964,9,0,25,1
14,76,3373,8,1,22,0
25,81,7238,5,2,13,0
34,101,5210,1,1,28,0
67,90,2794,1,2,24,0
24,109,7501,2,2,23,0
26,91,3312,0,2,1,0
20,89,2855,8,1,1,0
64,49,1621,9,1,22,0
10,42,5774,3,0,25,0
67,51,1180,4,1,14,0
24,105,5723,6,2,10,0
5,76,7409,0,2,28,0
67,28,821,2,2,9,0
58,50,5803,2,1,2,0
27,90,5955,1,0,16,0
15,28,1662,7,1,8,0
35,32,739,4,0,29,1
53,77,6349,0,1,14,0
44,22,4360,1,2,29,0
26,54,4410,0,0,13,0
47,116,5290,5,1,18,0
34,40,3887,8,2,16,0
50,83,3836,6,0,21,1
12,114,7846,4,0,19,1
4,71,189,2,2,29,0
48,53,5991,7,2,16,0
55,115,3021,9,1,15,0
1,54,1351,3,1,19,0
66,34,1202,8,2,7,0
30,115,4803,4,1,26,0
3,25,448,5,2,6,0
21,104,4013,4,2,11,0
49,116,4152,9,1,0,0
62,51,3041,6,1,25,0
38,71,345,6,0,11,1
15,102,371,0,0,24,0
52,116,2130,1,1,5,0
46,47,4598,6,1,15,0
25,114,7936,7,1,17,0
21,104,3287,3,0,18,0
5,117,3606,5,1,22,0
70,83,7797,9,0,2,0
47,98,1565,2,0,28,0
68,97,1295,6,0,2,0
18,38,3187,2,0,4,0
21,34,3108,6,2,2,0
23,25,3923,7,1,18,0
64,92,7141,2,1,26,0
67,103,5275,1,2,4,0
40,117,1714,5,1,13,0
10,57,1226,3,0,20,0
52,45,4479,7,2,15,0
61,101,7972,1,0,27,0
64,111,616,3,2,24,0
5,70,2765,1,0,0,0
53,92,1401,1,1,29,0
55,115,711,1,1,16,0
37,72,849,0,1,10,0
56,75,5488,3,2,29,0
59,78,1956,1,1,8,0
69,89,499,8,2,20,0
59,97,1626,8,0,3,0
2,111,2124,6,1,1,0
65,77,6329,5,0,27,1
60,107,419,2,1,8,0
51,32,5251,6,0,21,1
30,62,435,0,2,24,0
11,95,2198,8,1,4,0
39,70,7346,3,2,3,0
63,38,7965,5,2,22,0
64,40,273,5,0,4,0
61,110,4119,2,1,23,0
54,102,1741,3,2,23,0
58,43,600,9,0,28,1
56,45,3746,2,0,17,0
34,64,6319,5,0,12,1
31,47,2463,0,1,4,0
52,101,1956,7,1,25,0
1,119,7640,7,0,23,1
55,48,3252,8,1,18,0
22,36,1996,5,0,22,1
40,87,5859,0,1,2,0
1,63,1818,2,1,21,0
65,80,1878,0,0,17,0
63,112,4892,4,0,5,0
54,87,3157,2,1,5,0
42,93,4927,1,0,23,0
21,44,5290,2,0,4,0
22,114,7212,8,0,29,1
38,86,7097,7,0,0,0
8,21,2813,2,1,7,0
62,108,3928,1,2,27,0
47,68,4847,4,1,24,0
17,89,1194,0,0,0,0
17,45,145,3,0,20,0
13,91,5266,7,1,27,0
17,118,7858,0,0,5,0
38,46,1545,4,1,19,0
45,108,2296,3,2,13,0
6,37,7153,5,0,10,0
35,73,3301,6,2,1,0
14,20,555,8,2,20,0
61,80,1762,0,0,29,0
15,22,3024,9,0,29,1
54,87,7898,3,1,3,0
27,60,1065,5,1,12,0
13,56,6216,9,0,6,0
31,70,5064,6,1,5,0
35,34,1628,6,2,2,0
60,27,3076,7,2,8,0
6,57,3171,9,0,13,1
69,102,5196,7,1,19,0
58,75,4969,7,0,10,0
49,66,6487,7,2,4,0
23,109,2621,7,0,13,1
34,29,6625,5,0,18,1
26,97,1226,8,0,7,0
47,68,6732,2,0,26,0
5,60,5256,5,2,6,0
20,102,5873,4,0,26,1
6,49,7816,7,0,26,1
70,24,5739,3,1,6,0
59,114,3504,3,0,23,0
64,90,4592,9,1,22,0
18,102,2443,9,0,2,0
4,50,206,4,1,2,0
17,71,7103,5,0,17,1
14,107,5149,3,1,12,0
13,117,2677,1,0,0,0
7,42,6044,1,0,4,0
44,67,3254,2,1,27,0
15,59,5129,1,0,3,0
19,25,4483,0,0,15,0
63,57,4153,7,0,14,1
35,60,4901,4,0,28,1
35,119,6239,9,2,26,0
19,46,5680,0,0,17,0
20,94,314,8,2,16,0
35,88,5500,7,2,13,0
32,76,6975,3,0,13,0
48,36,6173,7,1,18,0
44,90,5678,9,1,28,0
24,110,6020,6,0,5,0
61,66,4539,6,2,12,0
17,98,4389,0,1,17,0
71,32,4353,5,0,25,1
50,30,564,3,0,14,0
65,109,6347,9,2,28,0
32,105,6277,9,1,22,0
36,111,7369,9,0,26,1
13,43,6882,1,1,6,0
70,112,5945,9,0,26,1
58,92,2472,6,0,18,1
14,23,6934,8,0,29,1
37,65,691,4,2,16,0
68,37,2288,7,2,8,0
40,62,6717,4,2,10,0
59,99,5250,6,1,4,0
16,52,983,6,2,1,0
62,112,4258,8,2,14,0
4,29,7827,2,1,23,0
45,92,5306,0,1,11,0
28,78,403,1,1,9,0
66,50,5280,5,1,9,0
31,47,4591,9,2,19,0
3,79,433,9,2,10,0
8,22,2933,8,1,9,0
24,74,4606,2,2,27,0
15,33,2431,9,0,6,0
43,77,4661,1,2,13,0
31,108,179,0,0,12,0
45,34,3863,1,1,4,0
66,21,2931,2,1,28,0
8,43,5296,6,2,18,0
71,97,2077,1,1,9,0
57,83,832,4,2,7,0
30,90,4076,1,2,17,0
18,119,1917,6,2,0,0
69,43,5759,9,2,4,0
39,46,1484,7,0,10,0
60,56,2224,7,0,19,1
43,113,6752,7,1,10,0
45,110,5383,9,0,15,1
23,58,7276,8,1,9,0
69,82,1298,0,1,14,0
6,98,6705,0,2,6,0
56,45,7574,9,2,14,0
4,84,5807,1,2,28,0
23,23,2392,5,2,24,0
6,48,4317,0,2,15,0
32,20,284,4,2,5,0
18,69,4227,4,0,10,0
15,105,1097,3,1,16,0
40,30,2086,4,1,14,0
6,93,2909,0,2,15,0
63,78,4764,5,0,23,1
67,81,2457,6,2,1,0
11,100,5591,7,0,3,0
43,55,1779,1,0,18,0
17,75,5025,6,1,5,0
4,109,5815,5,1,17,0
63,40,3139,8,0,20,1
68,32,5275,7,1,10,0
41,28,4986,3,0,8,0
5,30,7540,8,0,2,0
32,94,2611,0,0,1,0
70,89,6921,5,1,17,0
35,20,3627,7,2,14,0
22,89,3126,3,1,24,0
65,96,6913,1,2,21,0
22,105,7516,1,1,17,0
11,75,2845,9,1,18,0
3,50,5189,0,2,14,0
9,105,4273,4,0,29,1
60,56,2681,5,2,16,0
14,66,4303,3,0,17,0
18,110,5492,3,0,17,0
23,97,2911,4,1,10,0
47,66,4190,4,1,17,0
69,88,6258,8,1,22,0
47,77,469,7,1,2,0
30,55,7571,8,1,12,0
25,51,3843,2,2,13,0
28,117,6448,2,2,26,0
25,83,2104,0,2,3,0
58,90,7380,9,2,17,0
41,61,1803,5,1,4,0
25,67,7108,3,2,13,0
48,93,3424,7,2,24,0
10,100,540,1,0,11,0
11,49,3357,1,1,24,0
21,40,3006,6,2,6,0
45,79,326,4,2,11,0
7,32,6771,0,2,7,0
64,20,7935,6,1,28,0
64,84,2501,6,2,29,0
2,52,4818,9,0,20,1
42,57,1124,5,1,20,0
54,44,5772,3,0,27,0
16,45,7827,7,1,2,0
18,96,7170,1,2,21,0
59,78,3591,1,1,0,0
16,111,5839,1,1,2,0
6,52,5380,2,1,10,0
57,60,4356,5,0,17,1
47,49,970,0,1,6,0
48,76,3299,1,2,8,0
42,68,1845,9,1,3,0
60,67,5370,1,1,22,0
4,91,543,0,2,23,0
2,68,5986,2,2,9,0
59,66,5690,9,0,17,1
27,75,4658,6,2,22,0
27,84,7997,0,2,15,0
7,31,7297,6,2,28,0
63,88,572,4,1,11,0
46,107,6800,8,0,18,1
63,25,179,1,2,23,0
12,108,5258,0,2,21,0
13,84,339,8,2,2,0
43,44,4752,7,1,7,0
17,20,689,9,1,26,0
63,51,1460,5,0,28,1
36,22,1984,4,0,18,1
8,68,6171,7,1,8,0
69,38,5499,7,2,26,0
36,79,5335,4,2,18,0
28,48,2416,6,0,16,1
47,69,6135,0,2,12,0
30,21,4530,3,1,1,0
23,92,411,1,0,3,0
16,75,1176,9,1,28,0
14,36,7335,2,1,10,0
71,79,6937,0,2,1,0
52,55,133,1,1,3,0
37,80,1941,0,1,3,0
29,36,4581,7,2,19,0
67,68,348,3,1,0,0
15,95,1234,2,2,24,0
47,79,7361,0,1,25,0
46,39,5629,1,2,10,0
52,69,5398,2,2,22,0
19,22,7314,2,0,1,0
21,62,4989,5,1,18,0
64,76,5047,9,1,28,0
37,69,7117,7,0,7,0
27,87,7871,5,2,22,0
55,100,475,1,2,19,0
29,69,823,1,0,3,0
20,56,5806,6,0,24,1
25,65,2013,0,2,15,0
70,61,4397,0,2,14,0
63,34,2592,6,0,4,0
36,52,2042,8,1,29,0
2,99,4104,4,2,28,0
22,30,2444,0,0,26,0
16,39,1431,4,1,4,0
18,43,7990,0,1,14,0
69,83,4688,9,1,22,0
54,99,437,8,1,16,0
30,113,6164,3,0,2,0
45,117,7166,8,2,17,0
19,84,7913,1,1,10,0
34,107,1965,6,1,25,0
13,107,3237,1,0,5,0
43,92,891,3,1,26,0
62,105,7689,5,0,11,1
22,95,3711,1,0,21,0
52,36,3800,1,2,25,0
52,108,1616,1,1,16,0
36,111,4053,2,2,29,0
19,80,6218,4,0,13,1
38,34,7205,8,1,5,0
70,113,6560,5,0,9,0
57,70,5137,8,0,15,1
20,46,4008,9,0,17,1
9,105,2773,4,1,26,0
32,93,2222,5,0,19,1
4,80,3885,9,0,5,0
50,77,7182,7,1,18,0
5,50,158,2,2,2,0
20,110,2533,1,0,11,0
37,31,2162,2,2,15,0
22,65,1354,8,2,2,0
58,50,3788,5,2,15,0
68,51,3848,9,2,3,0
44,51,6442,3,2,24,0
34,118,5573,9,2,19,0
42,72,4230,2,1,12,0
9,80,4357,1,1,3,0
7,65,3129,3,2,3,0
68,104,2946,8,1,6,0
19,93,5090,3,1,20,0
31,99,570,4,2,11,0
35,26,6774,7,2,1,0
57,23,4135,1,0,15,0
61,110,7035,2,1,6,0
31,71,2999,5,2,18,0
53,108,1546,6,1,10,0
32,50,4543,3,1,0,0
66,94,4889,0,1,8,0
59,103,5130,6,0,4,0
10,55,1012,8,2,25,0
2,73,4342,0,1,16,0
66,73,7641,0,2,26,0
60,36,1811,0,1,0,0
17,94,774,9,2,16,0
16,49,1539,6,2,11,0
16,118,2834,8,2,24,0
46,41,5713,2,1,12,0
39,62,3730,7,0,23,1
31,46,5475,8,2,10,0
1,56,7203,2,0,12,0
11,65,785,2,2,12,0
4,54,1226,0,0,5,0
71,23,4316,1,2,25,0
26,99,2566,6,0,21,1
50,99,2497,2,2,5,0
12,104,7924,6,2,19,0
65,45,4237,4,0,20,1
47,119,3538,9,2,9,0
53,38,4224,7,1,18,0
71,100,1065,4,2,2,0
2,64,6111,2,2,25,0
24,45,7028,8,1,6,0
4,41,6196,6,1,4,0
19,77,6257,4,1,7,0
26,82,1019,6,0,4,0
40,47,5013,9,1,11,0
50,84,2972,8,0,3,0
43,63,1608,4,1,29,0
67,119,1312,6,0,18,1
12,62,971,8,1,27,0
67,56,4490,0,1,17,0
27,85,3354,3,2,2,0
54,36,963,0,1,6,0
66,59,6791,7,2,7,0
49,57,4053,2,1,14,0
16,104,3208,1,1,20,0
2,80,3155,3,2,26,0
60,28,5233,2,2,16,0
54,96,4094,4,0,18,1
30,94,2782,7,2,3,0
38,80,4790,9,0,15,1
28,99,5378,7,1,25,0
25,35,5713,6,2,12,0
10,21,5548,7,2,28,0
60,91,713,4,1,11,0
42,62,1972,9,1,3,0
40,61,3254,9,1,11,0
42,96,7823,5,1,16,0
47,76,5799,7,2,25,0
37,100,5779,0,1,8,0
22,107,5788,5,1,11,0
57,86,7854,5,2,25,0
27,49,7289,4,0,14,1
41,32,5351,3,2,19,0
34,38,4660,0,0,1,0
32,26,5675,9,1,28,0
66,28,3473,7,2,8,0
12,102,7198,5,1,13,0
40,73,7173,2,2,3,0
10,105,5486,2,0,3,0
48,101,7042,5,2,26,0
20,80,6638,6,1,5,0
39,106,3291,7,2,23,0
60,21,6489,4,1,4,0
66,69,667,9,2,27,0
65,94,4233,5,0,23,1
51,50,344,0,2,16,0
36,52,120,5,2,12,0
24,97,5329,8,2,19,0
27,99,5825,9,2,16,0
2,30,493,3,0,18,0
31,52,5629,9,1,26,0
57,26,5182,0,2,22,0
66,50,5867,8,2,0,0
29,67,3914,3,2,20,0
15,66,2155,1,0,16,0
12,97,3615,0,1,21,0
28,111,2475,2,1,24,0
24,72,2010,6,2,2,0
21,99,389,9,2,26,0
10,38,5982,1,1,26,0
18,100,2658,8,2,13,0
14,109,5107,1,2,11,0
34,25,460,4,2,14,0
58,68,1722,7,0,5,0
22,92,6959,9,0,19,1
70,69,4414,7,1,21,0
36,100,4194,2,0,1,0
45,114,2553,1,0,3,0
36,31,2115,8,1,12,0
22,42,2140,2,0,12,0
61,73,2144,7,1,22,0
56,88,2900,1,2,26,0
33,119,3070,2,1,21,0
45,78,931,0,1,24,0
36,55,1893,5,1,26,0
20,22,3792,6,2,22,0
18,77,1891,3,2,16,0
38,107,2941,0,2,5,0
67,74,5439,2,1,10,0
23,76,4790,8,1,18,0
16,36,2254,4,1,15,0
59,58,680,5,1,7,0
69,109,6852,3,1,28,0
68,87,5943,0,1,0,0
21,74,7553,4,1,9,0
70,64,6251,4,0,1,0
12,95,2953,4,2,18,0
16,20,2336,5,0,13,1
14,40,4276,1,2,2,0
61,102,2255,0,1,22,0
71,40,1444,1,0,28,0
46,71,5798,9,1,23,0
32,101,6929,5,0,8,0
15,62,445,4,0,22,1
44,71,1986,4,1,7,0
17,86,6571,5,0,10,0
41,63,654,9,0,14,1
54,51,3870,6,2,5,0
44,29,4497,8,1,1,0
5,83,299,6,1,0,0
27,98,3040,1,0,2,0
43,88,3590,5,1,24,0
31,87,5258,8,2,28,0
17,47,7999,6,2,22,0
54,72,406,1,1,17,0
62,70,3175,2,1,13,0
32,72,1756,7,2,16,0
40,23,6067,8,1,1,0
13,98,7344,3,0,18,0
35,36,6711,8,1,29,0
5,86,6422,1,0,21,0
29,93,2792,4,2,27,0
70,66,6042,1,1,8,0
25,75,1864,0,2,7,0
22,42,375,4,1,9,0
66,37,5371,1,0,8,0
45,20,7431,6,1,26,0
69,54,3461,7,2,26,0
1,83,1501,1,0,7,0
44,77,6864,6,1,6,0
39,114,4833,3,2,21,0
54,78,1875,0,2,23,0
29,20,3481,2,1,5,0
54,22,5125,0,2,1,0
16,86,4150,4,0,28,1
20,56,3560,7,1,8,0
46,102,1980,0,0,8,0
67,48,7925,8,2,18,0
65,108,3935,2,2,8,0
58,52,4378,4,2,1,0
53,119,1944,8,0,27,1
1,80,3477,4,2,29,0
66,112,171,8,1,18,0
29,109,7486,9,1,15,0
70,23,6962,7,2,29,0
8,33,7440,6,1,21,0
29,110,1776,0,0,13,0
51,52,1395,3,0,19,0
33,41,6969,8,2,23,0
3,67,7735,9,1,0,0
60,22,6512,7,1,12,0
35,106,1143,3,2,21,0
69,104,2725,0,0,1,0
20,42,3142,9,2,21,0
39,87,914,3,1,13,0
4,40,5722,2,1,0,0
19,62,2294,5,2,14,0
45,114,3600,4,0,17,1
43,104,7432,4,0,8,0
13,45,7133,1,2,21,0
13,60,409,2,1,7,0
60,118,6761,5,0,6,0
57,57,2161,1,2,8,0
52,107,4327,3,1,8,0
53,30,1977,1,0,10,0
43,48,2902,8,0,3,0
42,79,2586,2,2,6,0
26,86,6986,9,1,20,0
23,84,4935,9,0,6,0
43,80,3845,5,2,3,0
28,38,894,0,0,11,0
9,65,6506,9,1,25,0
20,68,6886,2,0,26,0
56,41,4114,7,1,26,0
39,97,7492,4,0,16,1
51,76,4453,7,0,19,1
12,33,5453,1,2,28,0
55,63,3507,6,0,25,1
11,35,2556,8,1,2,0
26,116,1951,6,2,8,0
42,96,1074,2,1,4,0
27,31,1147,6,1,19,0
11,74,4466,7,2,15,0
38,70,5314,0,1,7,0
43,58,4337,2,0,20,0
19,52,7961,4,2,15,0
64,52,3889,5,0,18,1
6,48,5097,2,0,15,0
46,88,3121,3,1,17,0
42,89,7348,4,1,14,0
65,50,4469,2,0,23,0
59,99,6519,3,2,27,0
52,50,4129,4,0,17,1
47,108,564,1,0,13,0
7,65,5427,9,1,23,0
11,116,5515,8,1,15,0
61,96,7306,9,0,4,0
68,71,387,7,0,7,0
25,29,3295,5,1,15,0
12,107,975,9,0,20,1
26,93,2092,2,1,0,0
12,60,7550,1,0,27,0
43,114,3025,6,2,28,0
51,96,6423,7,2,10,0
37,22,1220,9,0,29,1
46,78,5410,0,1,10,0
53,71,7341,5,0,1,0
13,53,546,6,0,29,1
54,68,2932,8,1,21,0
57,47,3668,2,0,18,0
4,102,6804,1,1,23,0
49,106,6727,4,0,4,0
7,115,2996,9,1,2,0
11,32,821,0,0,27,0
54,116,2263,5,2,25,0
45,117,2682,8,1,22,0
23,116,7365,9,2,29,0
28,88,1451,8,1,7,0
57,86,4080,6,1,3,0
26,80,4602,6,1,28,0
25,79,3484,7,1,12,0
54,90,1825,9,0,26,1
29,43,793,1,0,24,0
36,82,7415,5,1,21,0
14,105,3513,4,0,13,1
35,80,594,4,1,0,0
30,42,1047,2,1,4,0
17,49,122,2,2,20,0
67,79,1228,5,1,6,0
30,37,5894,9,1,22,0
45,115,7846,9,0,5,0
51,75,657,6,1,14,0
47,72,1716,0,1,14,0
53,26,5136,2,2,7,0
64,116,3830,0,0,1,0
38,88,5441,9,0,13,1
64,111,7098,2,2,28,0
7,91,7282,4,1,15,0
22,98,7134,8,2,28,0
41,71,1756,2,0,22,0
10,23,4273,9,2,9,0
57,53,5541,9,0,14,1
7,88,906,8,2,22,0
50,52,3412,0,1,3,0
52,88,5237,5,1,11,0
33,57,4963,8,0,9,0
1,117,553,4,2,1,0
53,45,7710,9,0,3,0
60,20,3075,1,1,19,0
34,23,2424,4,0,27,1
4,58,1547,0,1,27,0
17,73,5695,8,0,5,0
4,109,5246,9,2,13,0
43,52,2661,9,1,22,0
4,52,6084,8,0,2,0
1,91,2611,5,1,14,0
71,39,7050,8,2,25,0
50,35,2971,2,1,0,0
61,40,462,3,2,18,0
35,64,3554,5,1,24,0
8,109,2898,3,2,0,0
24,106,4720,0,1,12,0
36,101,3553,6,2,7,0
50,81,3355,4,0,17,1
43,50,1317,7,0,21,1
27,61,1585,8,1,2,0
32,31,2203,4,2,22,0
18,84,5449,7,0,17,1
28,92,2636,0,1,19,0
29,22,7295,0,0,25,0
16,109,1955,6,2,8,0
47,28,7850,5,1,5,0
59,70,4917,4,2,19,0
31,35,6179,4,2,1,0
4,107,1307,8,2,25,0
37,97,1548,0,0,29,0
17,22,5594,7,1,24,0
39,117,6284,1,2,3,0
48,116,1607,6,0,24,1
46,43,1103,5,2,29,0
48,92,6503,9,0,17,1
39,32,6684,1,1,6,0
4,21,1025,2,1,26,0
30,90,5051,3,1,10,0
30,40,183,6,1,4,0
22,38,6289,7,2,7,0
66,108,6683,1,0,10,0
12,66,3842,7,1,29,0
36,41,4027,8,2,23,0
18,94,1642,6,1,29,0
53,52,1085,0,1,29,0
71,51,6064,5,1,19,0
1,83,7705,7,0,28,1
58,104,4331,4,0,19,1
6,58,5402,1,0,14,0
70,103,5928,4,1,23,0
44,91,5391,7,2,2,0
24,61,1008,1,2,6,0
19,28,3008,0,2,23,0
18,44,7031,3,1,7,0
30,108,4785,3,0,10,0
42,116,6147,8,2,9,0
33,21,5151,2,1,19,0
12,38,2837,3,1,8,0
27,39,2686,2,2,14,0
39,112,1243,1,2,25,0
9,89,7548,3,1,19,0
21,36,1431,7,2,23,0
29,108,6951,0,1,21,0
33,87,3448,7,2,4,0
62,113,1653,7,0,14,1
15,103,2442,2,1,3,0
2,22,1906,9,0,4,0
52,106,2200,9,2,28,0
44,70,905,5,1,14,0
54,101,5651,3,2,26,0
18,45,4247,0,1,16,0
3,75,2875,0,2,22,0
7,119,171,4,0,7,0
43,83,127,7,0,27,1
38,27,568,0,2,24,0
37,100,4083,1,0,28,0
58,114,863,6,0,18,1
33,56,7129,7,2,8,0
59,116,7155,2,1,9,0
11,46,6790,7,2,4,0
68,64,1524,0,1,9,0
68,23,2348,8,0,21,1
22,105,3932,1,0,0,0
66,109,7878,1,0,24,0
44,115,5015,3,0,24,0
6,107,4160,9,0,21,1
42,118,4170,2,1,23,0
25,56,5685,3,1,3,0
57,115,1775,5,1,20,0
55,90,7862,6,2,4,0
16,52,659,4,0,22,1
14,50,4574,1,0,6,0
39,74,3931,2,0,22,0
28,31,2018,9,2,4,0
51,30,7444,2,2,19,0
49,107,5271,4,2,7,0
9,91,178,4,0,16,1
58,51,5604,3,1,0,0
45,76,5029,7,2,21,0
22,57,3747,5,2,17,0
32,79,1131,5,1,11,0
69,105,7481,0,2,2,0
69,117,2172,5,1,19,0
42,38,4645,2,0,13,0
53,103,7011,5,1,15,0
59,75,6998,9,1,17,0
39,33,6188,5,0,9,0
15,52,7724,1,2,22,0
71,29,1584,0,0,14,0
29,99,2345,2,2,9,0
3,83,7361,4,2,0,0
10,83,5938,3,1,18,0
29,81,6166,6,0,1,0
35,87,6680,3,1,12,0
6,110,1650,7,0,24,1
12,111,4885,6,0,15,1
38,62,6186,9,1,7,0
19,99,5597,8,2,2,0
67,78,4782,0,2,20,0
8,71,6347,4,0,18,1
8,116,1929,3,2,13,0
47,38,3851,5,1,10,0
4,40,6181,0,1,28,0
51,41,4822,5,1,11,0
67,28,2131,0,0,10,0
45,28,7306,0,0,27,0
8,92,6701,7,2,10,0
16,46,4559,1,1,21,0
67,36,3956,9,1,20,0
9,63,2282,5,0,26,1
60,64,4569,5,0,17,1
71,27,7499,5,0,29,1
15,99,6282,7,1,9,0
71,37,6183,3,1,15,0
41,52,7062,2,2,7,0
22,20,2194,5,1,5,0
24,95,6279,3,2,29,0
44,25,4003,1,2,18,0
1,60,6338,5,1,12,0
10,74,3132,9,2,14,0
56,24,5580,4,2,12,0
50,78,1648,8,0,0,0
12,99,5365,5,1,20,0
60,37,6136,2,2,27,0
26,68,467,4,2,26,0
41,101,164,9,2,1,0
36,84,3399,7,1,12,0
23,102,4949,8,0,1,0
43,73,5739,7,0,24,1
6,80,2135,2,1,10,0
69,27,2963,8,1,12,0
43,22,1976,2,1,9,0
25,44,5774,7,1,22,0
18,88,4951,9,0,21,1
62,74,2328,8,2,14,0
13,59,5720,6,2,28,0
43,102,696,3,1,0,0
28,101,7422,9,1,13,0
18,69,7030,8,2,9,0
59,114,3706,2,0,17,0
60,52,2774,2,1,10,0
63,37,3989,1,1,6,0
57,76,3606,9,0,14,1
51,35,1934,2,0,2,0
56,99,7366,0,0,1,0
27,57,6859,3,1,21,0
32,60,1495,7,0,7,0
9,26,1686,4,1,7,0
68,97,7629,1,1,10,0
46,72,211,2,0,15,0
67,82,552,0,2,1,0
26,108,2903,1,0,21,0
8,51,7436,0,2,27,0
6,57,2731,1,0,4,0
24,41,2286,2,0,6,0
48,35,6067,0,1,19,0
45,71,6474,8,1,27,0
13,48,5458,9,1,12,0
69,35,7227,4,1,1,0
25,95,4448,7,1,25,0
20,36,2104,4,1,2,0
66,83,1559,7,1,8,0
45,110,2042,6,2,9,0
47,108,6804,3,2,23,0
63,32,3593,6,1,12,0
55,91,5522,5,2,24,0
19,75,6315,2,0,20,0
35,24,7530,8,2,12,0
53,31,1957,9,1,4,0
26,60,6465,8,2,22,0
14,22,5296,4,0,6,0
45,118,161,7,2,16,0
44,52,1594,6,1,27,0
65,105,1280,8,0,14,1
51,69,5001,6,0,29,1
43,75,6368,3,2,4,0
23,28,2888,3,0,23,0
56,101,1975,7,0,6,0
19,69,2308,5,0,26,1
55,48,4736,8,1,1,0
60,58,4821,9,0,29,1
59,110,5810,6,2,23,0
33,119,7802,6,2,17,0
19,64,205,3,0,9,0
28,36,1254,2,2,0,0
52,75,3528,7,0,26,1
49,117,4187,6,2,26,0
37,65,1808,3,0,13,0
26,86,2923,3,0,26,0
40,88,4025,0,0,18,0
38,33,2008,6,1,15,0
54,86,2149,0,2,18,0
22,42,6476,9,0,5,0
16,113,4564,9,1,11,0
28,80,1374,3,1,2,0
35,42,1045,2,0,6,0
60,46,4004,2,0,23,0
